ts,temp_c,hum_pct,soil1,soil2,soil_ref,light_raw,pump_event
2026-02-13 23:24:00,16.0,66.7,0,298,298,4095,1
2026-02-13 23:54:00,15.8,66.7,0,310,310,4095,0
2026-02-14 00:24:00,15.7,66.7,0,297,297,4095,0
2026-02-14 00:54:00,15.6,64.9,0,277,277,4095,0
2026-02-14 01:24:00,15.5,64.9,0,249,249,4095,0
2026-02-14 01:54:00,15.3,64.9,0,265,265,4095,0
2026-02-14 02:24:00,15.2,64.9,0,256,256,4095,0
2026-02-14 02:54:00,14.9,66.1,0,302,302,4095,0
2026-02-14 03:24:00,14.7,66.1,0,263,263,4095,0
2026-02-14 03:54:00,14.4,64.3,0,278,278,4095,0
2026-02-14 04:24:00,14.3,64.3,0,258,258,3130,0
2026-02-14 04:54:00,14.0,63.7,0,280,280,3102,0
2026-02-14 05:24:00,13.9,63.7,0,281,281,3049,0
2026-02-14 05:54:00,13.7,61.9,0,305,305,3274,0
2026-02-14 06:24:00,13.7,61.9,0,308,308,3197,0
2026-02-14 06:54:00,13.7,61.3,0,300,300,3498,0
2026-02-14 07:24:00,18.2,52.2,0,318,318,3515,0
2026-02-14 07:54:00,16.3,58.8,0,305,305,3958,0
2026-02-14 08:24:00,15.3,61.0,0,326,326,3958,0
2026-02-14 08:54:00,13.9,66.7,0,333,333,3041,0
2026-02-14 09:24:00,14.0,66.7,0,304,304,3041,0
2026-02-14 09:54:00,14.5,64.9,0,319,319,1961,0
2026-02-14 10:24:00,14.7,64.9,0,314,314,1961,0
2026-02-14 10:54:00,15.4,61.9,0,314,314,1070,0
2026-02-14 11:24:00,15.6,61.9,0,361,361,1070,0
2026-02-14 11:54:00,16.1,58.9,0,369,369,761,0
2026-02-14 12:24:00,16.3,58.9,0,411,411,761,0
2026-02-14 12:54:00,16.8,54.1,0,382,382,1455,0
2026-02-14 13:24:00,17.0,54.1,0,414,414,1455,0
2026-02-14 13:54:00,17.3,52.3,0,421,421,1918,0
2026-02-14 14:24:00,17.4,52.3,0,459,459,1918,0
2026-02-14 14:54:00,17.6,51.1,0,462,462,2081,0
2026-02-14 15:24:00,17.6,51.1,0,464,464,2081,0
2026-02-14 15:54:00,17.5,49.9,0,471,471,3204,0
2026-02-14 16:24:00,17.4,49.9,0,492,492,3204,0
2026-02-14 16:54:00,17.2,54.1,0,489,489,3761,0
2026-02-14 17:24:00,17.1,54.1,0,490,490,3761,0
2026-02-14 17:54:00,16.6,58.3,0,506,506,4087,0
2026-02-14 18:24:00,16.4,58.3,0,474,474,4087,0
2026-02-14 18:54:00,16.0,60.7,0,509,509,4095,0
2026-02-14 19:24:00,15.9,60.7,0,522,522,4095,0
2026-02-14 19:54:00,15.6,61.9,0,499,499,4095,0
2026-02-14 20:24:00,15.4,61.9,0,507,507,4095,0
2026-02-14 20:54:00,15.2,61.9,0,499,499,4095,0
2026-02-14 21:24:00,15.2,61.9,0,491,491,4095,0
2026-02-14 21:54:00,15.0,61.3,0,508,508,4095,0
2026-02-14 22:24:00,15.0,61.3,0,496,496,4095,0
2026-02-14 22:54:00,15.0,60.1,0,500,500,4095,0
2026-02-14 23:24:00,15.0,60.1,0,506,506,4095,0
2026-02-14 23:54:00,15.1,60.1,0,480,480,4095,0
2026-02-15 00:24:00,15.1,60.1,0,473,473,3290,0
2026-02-15 00:54:00,15.2,61.9,0,539,539,3445,0
2026-02-15 01:24:00,15.2,61.9,0,517,517,3310,0
2026-02-15 01:54:00,15.3,63.1,0,518,518,2998,0
2026-02-15 02:24:00,15.4,63.1,0,508,508,3432,0
2026-02-15 02:54:00,15.4,64.3,0,529,529,3555,0
2026-02-15 03:24:00,15.4,64.3,0,514,514,3399,0
2026-02-15 03:54:00,15.5,64.9,0,537,537,4095,0
2026-02-15 04:24:00,15.6,64.9,0,535,535,4095,0
2026-02-15 04:54:00,15.7,63.7,0,534,534,4095,0
2026-02-15 05:24:00,15.7,63.7,0,538,538,4095,0
2026-02-15 05:54:00,19.4,59.2,0,544,544,4095,0
2026-02-15 06:24:00,18.0,62.1,0,538,538,4095,0
2026-02-15 06:54:00,17.1,65.7,0,549,549,4095,0
2026-02-15 07:24:00,16.6,66.8,0,515,515,4095,0
2026-02-15 07:54:00,15.8,69.7,0,536,536,4053,0
2026-02-15 08:24:00,15.8,69.7,0,561,561,4053,0
2026-02-15 08:54:00,15.9,70.3,0,520,520,3941,0
2026-02-15 09:24:00,16.0,70.3,0,557,557,3941,0
2026-02-15 09:54:00,16.0,72.7,0,551,551,3950,0
2026-02-15 10:24:00,16.1,72.7,0,540,540,3950,0
2026-02-15 10:54:00,16.2,75.7,0,564,564,3821,0
2026-02-15 11:24:00,16.3,75.7,0,545,545,3821,0
2026-02-15 11:54:00,16.8,75.7,0,564,564,3830,0
2026-02-15 12:24:00,17.0,75.7,0,544,544,3830,0
2026-02-15 12:54:00,17.5,75.7,0,530,530,3770,0
2026-02-15 13:24:00,17.7,75.7,0,573,573,3770,0
2026-02-15 13:54:00,18.4,74.5,0,580,580,3298,0
2026-02-15 14:24:00,18.6,74.5,0,587,587,3298,0
2026-02-15 14:54:00,19.1,74.5,0,614,614,3161,0
2026-02-15 15:24:00,19.2,74.5,0,624,624,3161,0
2026-02-15 15:54:00,19.6,74.5,0,617,617,3495,0
2026-02-15 16:24:00,19.7,74.5,0,627,627,3495,0
2026-02-15 16:54:00,19.8,73.9,0,604,604,3967,0
2026-02-15 17:24:00,19.8,73.9,0,603,603,3967,0
2026-02-15 17:54:00,19.6,74.5,0,630,630,4087,0
2026-02-15 18:24:00,19.6,74.5,0,602,602,4087,0
2026-02-15 18:54:00,19.2,75.1,0,599,599,4095,0
2026-02-15 19:24:00,19.1,75.1,0,672,672,4095,0
2026-02-15 19:54:00,18.9,74.5,0,621,621,4095,0
2026-02-15 20:24:00,18.8,74.5,0,612,612,4095,0
2026-02-15 20:54:00,18.5,75.1,0,613,613,3090,0
2026-02-15 21:24:00,18.5,75.1,0,600,600,3272,0
2026-02-15 21:54:00,18.2,74.5,0,633,633,3483,0
2026-02-15 22:24:00,18.1,74.5,0,625,625,3245,0
2026-02-15 22:54:00,18.0,73.9,0,647,647,4095,0
2026-02-15 23:24:00,18.0,73.9,0,640,640,4095,0
2026-02-15 23:54:00,18.0,72.1,0,625,625,4095,0
2026-02-16 00:24:00,17.9,72.1,0,596,596,4095,0
2026-02-16 00:54:00,17.8,72.1,0,632,632,4095,0
2026-02-16 01:24:00,17.8,72.1,0,630,630,4095,0
2026-02-16 01:54:00,17.8,70.9,0,591,591,4095,0
2026-02-16 02:24:00,17.8,70.9,0,638,638,4095,0
2026-02-16 02:54:00,17.7,71.5,0,609,609,4095,0
2026-02-16 03:24:00,17.7,71.5,0,649,649,4095,0
2026-02-16 03:54:00,17.6,71.5,0,630,630,4095,0
2026-02-16 04:24:00,17.6,71.5,0,621,621,4095,0
2026-02-16 04:54:00,17.5,70.3,0,635,635,4095,0
2026-02-16 05:24:00,17.5,70.3,0,635,635,4095,0
2026-02-16 05:54:00,17.7,68.5,0,636,636,4095,0
2026-02-16 06:24:00,17.8,68.5,0,651,651,4095,0
2026-02-16 06:54:00,17.8,66.7,0,603,603,4095,0
2026-02-16 07:24:00,21.0,60.4,0,660,660,4095,0
2026-02-16 07:54:00,19.8,62.3,0,638,638,3950,0
2026-02-16 08:24:00,18.1,66.1,0,639,639,3950,0
2026-02-16 08:54:00,18.3,64.9,0,673,673,3015,0
2026-02-16 09:24:00,18.5,64.9,0,637,637,3015,0
2026-02-16 09:54:00,18.8,62.5,0,669,669,1875,0
2026-02-16 10:24:00,19.0,62.5,0,688,688,1875,0
2026-02-16 10:54:00,19.6,58.9,0,696,696,1130,0
2026-02-16 11:24:00,19.6,58.9,0,700,700,1130,0
2026-02-16 11:54:00,19.8,57.7,0,716,716,1481,0
2026-02-16 12:24:00,19.9,57.7,0,735,735,1481,0
2026-02-16 12:54:00,20.5,53.5,0,727,727,1473,0
2026-02-16 13:24:00,20.6,53.5,0,755,755,1473,0
2026-02-16 13:54:00,19.9,63.1,0,800,800,2038,0
2026-02-16 14:24:00,19.9,63.1,0,776,776,2038,0
2026-02-16 14:54:00,20.3,58.9,0,781,781,1790,0
2026-02-16 15:24:00,20.2,58.9,0,781,781,1790,0
2026-02-16 15:54:00,20.1,58.3,0,777,777,2613,0
2026-02-16 16:24:00,19.9,58.3,0,799,799,2613,0
2026-02-16 16:54:00,19.5,58.9,0,801,801,3538,0
2026-02-16 17:24:00,19.4,58.9,0,795,795,3538,0
2026-02-16 17:54:00,18.9,66.1,0,845,845,4087,0
2026-02-16 18:24:00,18.7,66.1,0,782,782,4087,0
2026-02-16 18:54:00,18.3,66.7,0,777,777,4095,0
2026-02-16 19:24:00,18.1,66.7,0,786,786,4095,0
2026-02-16 19:54:00,18.1,69.1,0,791,791,4095,0
2026-02-16 20:24:00,18.0,69.1,0,777,777,4095,0
2026-02-16 20:54:00,17.8,69.1,0,796,796,4095,0
2026-02-16 21:24:00,17.8,69.1,0,798,798,4095,0
2026-02-16 21:54:00,17.7,69.1,0,804,804,4095,0
2026-02-16 22:24:00,17.7,69.1,0,781,781,4095,0
2026-02-16 22:54:00,17.5,68.5,0,813,813,4095,0
2026-02-16 23:24:00,17.4,68.5,0,801,801,4095,0
2026-02-16 23:54:00,17.5,63.1,0,842,842,4095,0
2026-02-17 00:24:00,17.4,63.1,0,778,778,4095,0
2026-02-17 00:54:00,16.9,61.9,0,774,774,4095,0
2026-02-17 01:24:00,16.8,61.9,0,783,783,4095,0
2026-02-17 01:54:00,16.4,61.3,0,793,793,4095,0
2026-02-17 02:24:00,16.3,61.3,0,795,795,4095,0
2026-02-17 02:54:00,15.9,61.9,0,796,796,4095,0
2026-02-17 03:24:00,15.7,61.9,0,823,823,4095,0
2026-02-17 03:54:00,15.4,61.9,0,294,294,4095,1
2026-02-17 04:24:00,15.3,61.9,0,313,313,4095,0
2026-02-17 04:54:00,14.9,61.9,0,305,305,3250,0
2026-02-17 05:24:00,14.8,61.9,0,326,326,3365,0
2026-02-17 05:54:00,14.7,63.7,0,303,303,3494,0
2026-02-17 06:24:00,14.6,63.7,0,323,323,3523,0
2026-02-17 06:54:00,14.4,63.7,0,288,288,4095,0
2026-02-17 07:24:00,14.5,63.7,0,324,324,4095,0
2026-02-17 07:54:00,14.6,63.1,0,311,311,3898,0
2026-02-17 08:24:00,14.7,63.1,0,327,327,3898,0
2026-02-17 08:54:00,18.1,56.3,0,364,364,2895,0
2026-02-17 09:24:00,17.1,58.7,0,348,348,2895,0
2026-02-17 09:54:00,16.9,57.8,0,371,371,1781,0
2026-02-17 10:24:00,16.0,60.1,0,360,360,1781,0
2026-02-17 10:54:00,16.6,57.1,0,404,404,898,0
2026-02-17 11:24:00,16.8,57.1,0,434,434,898,0
2026-02-17 11:54:00,17.3,53.5,0,421,421,461,0
2026-02-17 12:24:00,17.5,53.5,0,437,437,461,0
2026-02-17 12:54:00,17.6,51.7,0,431,431,933,0
2026-02-17 13:24:00,17.7,51.7,0,462,462,933,0
2026-02-17 13:54:00,17.9,49.9,0,480,480,1224,0
2026-02-17 14:24:00,17.9,49.9,0,515,515,1224,0
2026-02-17 14:54:00,17.8,49.3,0,529,529,2107,0
2026-02-17 15:24:00,17.7,49.3,0,529,529,2107,0
2026-02-17 15:54:00,17.4,51.1,0,509,509,2921,0
2026-02-17 16:24:00,17.3,51.1,0,561,561,2921,0
2026-02-17 16:54:00,17.0,54.1,0,516,516,3675,0
2026-02-17 17:24:00,16.8,54.1,0,536,536,3675,0
2026-02-17 17:54:00,16.2,56.5,0,531,531,4087,0
2026-02-17 18:24:00,16.0,56.5,0,523,523,4087,0
2026-02-17 18:54:00,15.7,59.5,0,553,553,4095,0
2026-02-17 19:24:00,15.6,59.5,0,525,525,4095,0
2026-02-17 19:54:00,15.3,61.9,0,465,465,4095,0
2026-02-17 20:24:00,15.1,61.9,0,556,556,4095,0
2026-02-17 20:54:00,14.8,63.7,0,533,533,4095,0
2026-02-17 21:24:00,14.7,63.7,0,492,492,4095,0
2026-02-17 21:54:00,14.6,63.1,0,513,513,4095,0
2026-02-17 22:24:00,14.5,63.1,0,539,539,4095,0
2026-02-17 22:54:00,14.4,62.5,0,548,548,3258,0
2026-02-17 23:24:00,14.4,62.5,0,527,527,3048,0
2026-02-17 23:54:00,14.4,64.3,0,541,541,3538,0
2026-02-18 00:24:00,14.4,64.3,0,561,561,3255,0
2026-02-18 00:54:00,14.5,64.9,0,544,544,4095,0
2026-02-18 01:24:00,14.5,64.9,0,539,539,4095,0
2026-02-18 01:54:00,14.7,64.3,0,529,529,4095,0
2026-02-18 02:24:00,14.7,64.3,0,566,566,4095,0
2026-02-18 02:54:00,14.8,62.5,0,495,495,4095,0
2026-02-18 03:24:00,14.9,62.5,0,586,586,4095,0
2026-02-18 03:54:00,15.1,60.1,0,517,517,4095,0
2026-02-18 04:24:00,15.2,60.1,0,555,555,4095,0
2026-02-18 04:54:00,15.3,59.5,0,564,564,3017,0
2026-02-18 05:24:00,19.8,50.5,0,594,594,2968,0
2026-02-18 05:54:00,18.2,57.0,0,622,622,3497,0
2026-02-18 06:24:00,17.2,59.2,0,551,551,3208,0
2026-02-18 06:54:00,16.6,59.9,0,600,600,3519,0
2026-02-18 07:24:00,15.7,61.9,0,567,567,3125,0
2026-02-18 07:54:00,15.8,61.9,0,594,594,3399,0
2026-02-18 08:24:00,15.8,61.9,0,566,566,3134,0
2026-02-18 08:54:00,16.0,61.3,0,578,578,3675,0
2026-02-18 09:24:00,16.1,61.3,0,571,571,3675,0
2026-02-18 09:54:00,16.2,61.3,0,583,583,3478,0
2026-02-18 10:24:00,16.3,61.3,0,588,588,3478,0
2026-02-18 10:54:00,16.5,62.5,0,603,603,3067,0
2026-02-18 11:24:00,16.6,62.5,0,613,613,3067,0
2026-02-18 11:54:00,17.0,58.9,0,622,622,2801,0
2026-02-18 12:24:00,17.1,58.9,0,623,623,2801,0
2026-02-18 12:54:00,17.1,59.5,0,634,634,2775,0
2026-02-18 13:24:00,17.2,59.5,0,641,641,2775,0
2026-02-18 13:54:00,17.2,60.7,0,634,634,3067,0
2026-02-18 14:24:00,17.3,60.7,0,668,668,3067,0
2026-02-18 14:54:00,17.3,63.1,0,651,651,3358,0
2026-02-18 15:24:00,17.3,63.1,0,664,664,3358,0
2026-02-18 15:54:00,17.2,63.7,0,684,684,3598,0
2026-02-18 16:24:00,17.2,63.7,0,679,679,3598,0
2026-02-18 16:54:00,17.0,64.3,0,635,635,3967,0
2026-02-18 17:24:00,17.0,64.3,0,664,664,3967,0
2026-02-18 17:54:00,17.1,64.3,0,669,669,4087,0
2026-02-18 18:24:00,17.1,64.3,0,685,685,4087,0
2026-02-18 18:54:00,16.8,69.1,0,683,683,4095,0
2026-02-18 19:24:00,16.7,69.1,0,664,664,4095,0
2026-02-18 19:54:00,16.5,74.5,0,663,663,4095,0
2026-02-18 20:24:00,16.5,74.5,0,649,649,4095,0
2026-02-18 20:54:00,16.5,75.7,0,655,655,4095,0
2026-02-18 21:24:00,16.5,75.7,0,681,681,4095,0
2026-02-18 21:54:00,16.5,76.3,0,678,678,4095,0
2026-02-18 22:24:00,16.5,76.3,0,671,671,4095,0
2026-02-18 22:54:00,16.5,76.3,0,631,631,3336,0
2026-02-18 23:24:00,16.6,76.3,0,680,680,3015,0
2026-02-18 23:54:00,16.5,76.3,0,704,704,3030,0
2026-02-19 00:24:00,16.5,76.3,0,661,661,3374,0
2026-02-19 00:54:00,16.6,76.3,0,688,688,4095,0
2026-02-19 01:24:00,16.6,76.3,0,707,707,4095,0
2026-02-19 01:54:00,16.7,76.3,0,675,675,4095,0
2026-02-19 02:24:00,16.7,76.3,0,695,695,4095,0
2026-02-19 02:54:00,16.7,76.9,0,678,678,4095,0
2026-02-19 03:24:00,16.8,76.9,0,711,711,4095,0
2026-02-19 03:54:00,16.8,76.9,0,641,641,3291,0
2026-02-19 04:24:00,16.8,76.9,0,675,675,2901,0
2026-02-19 04:54:00,16.9,76.9,0,689,689,2971,0
2026-02-19 05:24:00,16.9,76.9,0,707,707,3071,0
2026-02-19 05:54:00,21.1,69.6,0,710,710,2972,0
2026-02-19 06:24:00,19.6,72.7,0,703,703,2970,0
2026-02-19 06:54:00,18.7,74.0,0,721,721,4095,0
2026-02-19 07:24:00,18.2,75.1,0,706,706,4095,0
2026-02-19 07:54:00,17.5,76.3,0,718,718,4035,0
2026-02-19 08:24:00,17.6,76.3,0,712,712,4035,0
2026-02-19 08:54:00,17.8,75.1,0,689,689,3753,0
2026-02-19 09:24:00,17.9,75.1,0,709,709,3753,0
2026-02-19 09:54:00,18.1,72.1,0,726,726,3007,0
2026-02-19 10:24:00,18.2,72.1,0,737,737,3007,0
2026-02-19 10:54:00,18.5,69.1,0,712,712,2578,0
2026-02-19 11:24:00,18.5,69.1,0,739,739,2578,0
2026-02-19 11:54:00,18.3,72.1,0,702,702,2690,0
2026-02-19 12:24:00,18.3,72.1,0,728,728,2690,0
2026-02-19 12:54:00,18.6,67.9,0,730,730,2595,0
2026-02-19 13:24:00,18.6,67.9,0,773,773,2595,0
2026-02-19 13:54:00,18.6,66.7,0,724,724,2887,0
2026-02-19 14:24:00,18.5,66.7,0,777,777,2887,0
2026-02-19 14:54:00,18.4,66.7,0,744,744,3401,0
2026-02-19 15:24:00,18.3,66.7,0,716,716,3401,0
2026-02-19 15:54:00,18.1,67.3,0,755,755,3761,0
2026-02-19 16:24:00,18.1,67.3,0,755,755,3761,0
2026-02-19 16:54:00,17.9,67.9,0,783,783,3915,0
2026-02-19 17:24:00,17.9,67.9,0,755,755,3915,0
2026-02-19 17:54:00,17.6,68.5,0,798,798,4087,0
2026-02-19 18:24:00,17.6,68.5,0,784,784,4087,0
2026-02-19 18:54:00,17.4,67.9,0,767,767,4095,0
2026-02-19 19:24:00,17.4,67.9,0,749,749,4095,0
2026-02-19 19:54:00,17.3,67.9,0,736,736,4095,0
2026-02-19 20:24:00,17.2,67.9,0,771,771,4095,0
2026-02-19 20:54:00,17.2,67.9,0,764,764,4095,0
2026-02-19 21:24:00,17.1,67.9,0,777,777,4095,0
2026-02-19 21:54:00,17.0,68.5,0,779,779,4095,0
2026-02-19 22:24:00,17.0,68.5,0,813,813,4095,0
2026-02-19 22:54:00,16.9,69.1,0,758,758,4095,0
2026-02-19 23:24:00,16.9,69.1,0,782,782,4095,0
2026-02-19 23:54:00,16.9,70.3,0,760,760,4095,0
2026-02-20 00:24:00,16.9,70.3,0,754,754,4095,0
2026-02-20 00:54:00,16.9,70.9,0,770,770,4095,0
2026-02-20 01:24:00,16.9,70.9,0,758,758,4095,0
2026-02-20 01:54:00,16.9,70.3,0,735,735,4095,0
2026-02-20 02:24:00,16.9,70.3,0,746,746,4095,0
2026-02-20 02:54:00,16.9,70.3,0,749,749,4095,0
2026-02-20 03:24:00,16.9,70.3,0,757,757,4095,0
2026-02-20 03:54:00,16.8,71.5,0,794,794,4095,0
2026-02-20 04:24:00,16.9,71.5,0,771,771,4095,0
2026-02-20 04:54:00,16.8,72.7,0,763,763,4095,0
2026-02-20 05:24:00,20.8,64.8,0,803,803,4095,0
2026-02-20 05:54:00,19.3,69.7,0,785,785,4095,0
2026-02-20 06:24:00,18.5,71.6,0,785,785,4095,0
2026-02-20 06:54:00,17.3,73.3,0,771,771,3503,0
2026-02-20 07:24:00,17.4,73.3,0,761,761,3121,0
2026-02-20 07:54:00,17.8,72.1,0,779,779,3510,0
2026-02-20 08:24:00,18.0,72.1,0,780,780,3241,0
2026-02-20 08:54:00,22.6,62.5,0,825,825,2870,0
2026-02-20 09:24:00,21.4,65.6,0,806,806,2870,0
2026-02-20 09:54:00,21.1,65.0,0,349,349,2553,1
2026-02-20 10:24:00,20.0,67.9,0,355,355,2553,0
2026-02-20 10:54:00,21.0,64.3,0,353,353,1310,0
2026-02-20 11:24:00,21.2,64.3,0,363,363,1310,0
2026-02-20 11:54:00,21.6,64.3,0,402,402,1498,0
2026-02-20 12:24:00,21.8,64.3,0,429,429,1498,0
2026-02-20 12:54:00,22.1,64.9,0,449,449,2081,0
2026-02-20 13:24:00,22.3,64.9,0,471,471,2081,0
2026-02-20 13:54:00,22.2,70.3,0,467,467,3375,0
2026-02-20 14:24:00,22.2,70.3,0,447,447,3375,0
2026-02-20 14:54:00,22.4,70.9,0,469,469,3538,0
2026-02-20 15:24:00,22.4,70.9,0,474,474,3538,0
2026-02-20 15:54:00,22.6,70.3,0,479,479,3255,0
2026-02-20 16:24:00,22.6,70.3,0,493,493,3255,0
2026-02-20 16:54:00,22.4,71.5,0,482,482,3641,0
2026-02-20 17:24:00,22.4,71.5,0,486,486,3641,0
2026-02-20 17:54:00,22.2,67.9,0,526,526,4078,0
2026-02-20 18:24:00,22.2,67.9,0,493,493,4078,0
2026-02-20 18:54:00,22.0,63.1,0,513,513,4095,0
2026-02-20 19:24:00,21.9,63.1,0,515,515,4095,0
2026-02-20 19:54:00,21.7,62.5,0,499,499,4095,0
2026-02-20 20:24:00,21.5,62.5,0,492,492,4095,0
2026-02-20 20:54:00,21.2,63.7,0,477,477,4095,0
2026-02-20 21:24:00,21.1,63.7,0,464,464,4095,0
2026-02-20 21:54:00,20.9,64.9,0,504,504,4095,0
2026-02-20 22:24:00,20.9,64.9,0,500,500,4095,0
2026-02-20 22:54:00,20.7,66.1,0,506,506,4095,0
2026-02-20 23:24:00,20.7,66.1,0,484,484,4095,0
2026-02-20 23:54:00,20.9,67.3,0,531,531,4095,0
2026-02-21 00:24:00,20.9,67.3,0,505,505,4095,0
2026-02-21 00:54:00,21.0,68.5,0,495,495,4095,0
2026-02-21 01:24:00,21.1,68.5,0,460,460,4095,0
2026-02-21 01:54:00,21.1,71.5,0,492,492,4095,0
2026-02-21 02:24:00,21.2,71.5,0,515,515,4095,0
2026-02-21 02:54:00,21.4,73.3,0,529,529,4095,0
2026-02-21 03:24:00,21.5,73.3,0,504,504,4095,0
2026-02-21 03:54:00,21.8,72.7,0,536,536,4095,0
2026-02-21 04:24:00,21.8,72.7,0,491,491,3207,0
2026-02-21 04:54:00,22.0,71.5,0,521,521,3152,0
2026-02-21 05:24:00,22.0,71.5,0,525,525,3521,0
2026-02-21 05:54:00,22.0,71.5,0,531,531,3497,0
2026-02-21 06:24:00,22.0,71.5,0,526,526,3302,0
2026-02-21 06:54:00,22.0,70.9,0,530,530,4095,0
2026-02-21 07:24:00,22.0,70.9,0,507,507,4095,0
2026-02-21 07:54:00,22.0,71.5,0,551,551,3881,0
2026-02-21 08:24:00,22.1,71.5,0,546,546,3881,0
2026-02-21 08:54:00,22.3,69.7,0,540,540,3127,0
2026-02-21 09:24:00,22.4,69.7,0,557,557,3127,0
2026-02-21 09:54:00,22.7,68.5,0,571,571,2210,0
2026-02-21 10:24:00,22.8,68.5,0,563,563,2210,0
2026-02-21 10:54:00,23.0,68.5,0,599,599,2510,0
2026-02-21 11:24:00,23.2,68.5,0,580,580,2510,0
2026-02-21 11:54:00,23.9,66.7,0,563,563,2150,0
2026-02-21 12:24:00,24.0,66.7,0,591,591,2150,0
2026-02-21 12:54:00,24.4,67.3,0,621,621,2081,0
2026-02-21 13:24:00,24.5,67.3,0,642,642,2081,0
2026-02-21 13:54:00,24.5,70.3,0,628,628,3298,0
2026-02-21 14:24:00,24.6,70.3,0,615,615,3298,0
2026-02-21 14:54:00,24.9,70.9,0,635,635,2535,0
2026-02-21 15:24:00,24.9,70.9,0,620,620,2535,0
2026-02-21 15:54:00,25.0,71.5,0,665,665,3521,0
2026-02-21 16:24:00,24.9,71.5,0,647,647,3521,0
2026-02-21 16:54:00,24.9,71.5,0,646,646,3915,0
2026-02-21 17:24:00,24.9,71.5,0,678,678,3915,0
2026-02-21 17:54:00,24.8,72.1,0,693,693,4087,0
2026-02-21 18:24:00,24.7,72.1,0,652,652,4087,0
2026-02-21 18:54:00,24.4,75.1,0,668,668,4095,0
2026-02-21 19:24:00,24.3,75.1,0,661,661,4095,0
2026-02-21 19:54:00,24.2,75.7,0,689,689,4095,0
2026-02-21 20:24:00,24.1,75.7,0,662,662,4095,0
2026-02-21 20:54:00,23.9,75.7,0,645,645,4095,0
2026-02-21 21:24:00,23.9,75.7,0,664,664,4095,0
2026-02-21 21:54:00,23.7,75.7,0,684,684,4095,0
2026-02-21 22:24:00,23.7,75.7,0,659,659,4095,0
2026-02-21 22:54:00,23.6,75.7,0,655,655,3015,0
2026-02-21 23:24:00,23.6,75.7,0,668,668,3038,0
2026-02-21 23:54:00,23.5,75.1,0,655,655,3433,0
2026-02-22 00:24:00,23.5,75.1,0,672,672,3224,0
2026-02-22 00:54:00,23.6,75.1,0,669,669,3171,0
2026-02-22 01:24:00,23.6,75.1,0,724,724,2988,0
2026-02-22 01:54:00,23.6,75.1,0,650,650,3173,0
2026-02-22 02:24:00,23.7,75.1,0,670,670,4095,0
2026-02-22 02:54:00,23.7,73.9,0,676,676,4095,0
2026-02-22 03:24:00,23.8,73.9,0,671,671,4095,0
2026-02-22 03:54:00,23.8,73.9,0,698,698,4095,0
2026-02-22 04:24:00,23.8,73.9,0,677,677,4095,0
2026-02-22 04:54:00,23.8,73.9,0,665,665,4095,0
2026-02-22 05:24:00,23.8,73.9,0,694,694,4095,0
2026-02-22 05:54:00,23.9,73.9,0,642,642,4095,0
2026-02-22 06:24:00,23.9,73.9,0,682,682,4095,0
2026-02-22 06:54:00,23.9,73.3,0,721,721,4095,0
2026-02-22 07:24:00,23.9,73.3,0,705,705,4095,0
2026-02-22 07:54:00,24.0,72.7,0,706,706,4061,0
2026-02-22 08:24:00,24.0,72.7,0,711,711,4061,0
2026-02-22 08:54:00,24.1,72.7,0,713,713,3864,0
2026-02-22 09:24:00,24.2,72.7,0,705,705,3864,0
2026-02-22 09:54:00,24.1,74.5,0,700,700,3890,0
2026-02-22 10:24:00,24.2,74.5,0,719,719,3890,0
2026-02-22 10:54:00,24.6,72.1,0,720,720,2535,0
2026-02-22 11:24:00,24.7,72.1,0,696,696,2535,0
2026-02-22 11:54:00,24.7,67.3,0,719,719,2698,0
2026-02-22 12:24:00,24.8,67.3,0,739,739,2698,0
2026-02-22 12:54:00,24.7,68.5,0,769,769,2655,0
2026-02-22 13:24:00,24.8,68.5,0,761,761,2655,0
2026-02-22 13:54:00,25.0,64.9,0,756,756,2064,0
2026-02-22 14:24:00,25.0,64.9,0,761,761,2064,0
2026-02-22 14:54:00,25.1,61.9,0,815,815,1798,0
2026-02-22 15:24:00,25.0,61.9,0,800,800,1798,0
2026-02-22 15:54:00,24.9,61.3,0,756,756,2398,0
2026-02-22 16:24:00,24.8,61.3,0,810,810,2398,0
2026-02-22 16:54:00,24.5,61.3,0,827,827,3333,0
2026-02-22 17:24:00,24.4,61.3,0,797,797,3333,0
2026-02-22 17:54:00,24.0,62.5,0,819,819,4053,0
2026-02-22 18:24:00,23.8,62.5,0,821,821,4053,0
2026-02-22 18:54:00,23.4,65.5,0,797,797,4095,0
2026-02-22 19:24:00,23.2,65.5,0,840,840,4095,0
2026-02-22 19:54:00,22.9,66.7,0,819,819,4095,0
2026-02-22 20:24:00,22.7,66.7,0,808,808,4095,0
2026-02-22 20:54:00,22.3,66.7,0,810,810,4095,0
2026-02-22 21:24:00,22.2,66.7,0,790,790,4095,0
2026-02-22 21:54:00,21.9,66.7,0,787,787,4095,0
2026-02-22 22:24:00,21.7,66.7,0,802,802,4095,0
2026-02-22 22:54:00,21.4,68.5,0,379,379,4095,1
2026-02-22 23:24:00,21.3,68.5,0,440,440,4095,0
2026-02-22 23:54:00,21.2,68.5,0,381,381,4095,0
2026-02-23 00:24:00,21.2,68.5,0,383,383,4095,0
2026-02-23 00:54:00,21.0,69.1,0,416,416,4095,0
2026-02-23 01:24:00,21.0,69.1,0,418,418,4095,0
2026-02-23 01:54:00,20.9,69.7,0,397,397,4095,0
2026-02-23 02:24:00,20.9,69.7,0,384,384,3557,0
2026-02-23 02:54:00,20.8,70.9,0,398,398,3473,0
2026-02-23 03:24:00,20.8,70.9,0,410,410,3558,0
2026-02-23 03:54:00,20.9,70.3,0,391,391,3182,0
2026-02-23 04:24:00,20.9,70.3,0,419,419,4095,0
2026-02-23 04:54:00,20.9,69.7,0,430,430,4095,0
2026-02-23 05:24:00,21.0,69.7,0,387,387,4095,0
2026-02-23 05:54:00,20.8,69.1,0,431,431,4095,0
2026-02-23 06:24:00,20.8,69.1,0,404,404,4095,0
2026-02-23 06:54:00,20.9,67.9,0,449,449,4095,0
2026-02-23 07:24:00,21.0,67.9,0,434,434,4095,0
2026-02-23 07:54:00,21.2,67.3,0,434,434,3795,0
2026-02-23 08:24:00,21.3,67.3,0,424,424,3795,0
2026-02-23 08:54:00,21.7,67.3,0,481,481,2913,0
2026-02-23 09:24:00,21.8,67.3,0,431,431,2913,0
2026-02-23 09:54:00,22.4,64.3,0,436,436,1815,0
2026-02-23 10:24:00,22.6,64.3,0,456,456,1815,0
2026-02-23 10:54:00,22.9,63.7,0,497,497,2193,0
2026-02-23 11:24:00,23.1,63.7,0,489,489,2193,0
2026-02-23 11:54:00,23.5,61.9,0,498,498,3341,0
2026-02-23 12:24:00,23.6,61.9,0,501,501,3341,0
2026-02-23 12:54:00,24.1,57.1,0,522,522,2235,0
2026-02-23 13:24:00,24.1,57.1,0,525,525,2235,0
2026-02-23 13:54:00,24.4,55.9,0,566,566,2030,0
2026-02-23 14:24:00,24.4,55.9,0,567,567,2030,0
2026-02-23 14:54:00,23.9,61.9,0,566,566,3573,0
2026-02-23 15:24:00,23.9,61.9,0,602,602,3573,0
2026-02-23 15:54:00,23.6,66.7,0,572,572,3898,0
2026-02-23 16:24:00,23.5,66.7,0,596,596,3898,0
2026-02-23 16:54:00,23.3,69.7,0,562,562,3993,0
2026-02-23 17:24:00,23.3,69.7,0,575,575,3993,0
2026-02-23 17:54:00,23.1,70.9,0,595,595,4087,0
2026-02-23 18:24:00,23.1,70.9,0,572,572,4087,0
2026-02-23 18:54:00,23.1,73.3,0,594,594,4095,0
2026-02-23 19:24:00,23.2,73.3,0,619,619,4095,0
2026-02-23 19:54:00,23.4,73.3,0,621,621,4095,0
2026-02-23 20:24:00,23.5,73.3,0,615,615,3430,0
2026-02-23 20:54:00,23.7,73.3,0,596,596,3421,0
2026-02-23 21:24:00,23.8,73.3,0,617,617,3196,0
2026-02-23 21:54:00,24.0,73.3,0,658,658,3304,0
2026-02-23 22:24:00,24.0,73.3,0,672,672,3561,0
2026-02-23 22:54:00,24.1,73.3,0,648,648,3334,0
2026-02-23 23:24:00,24.2,73.3,0,615,615,4095,0
2026-02-23 23:54:00,24.2,73.9,0,631,631,4095,0
2026-02-24 00:24:00,24.2,73.9,0,638,638,4095,0
2026-02-24 00:54:00,24.1,73.9,0,636,636,4095,0
2026-02-24 01:24:00,24.1,73.9,0,656,656,4095,0
2026-02-24 01:54:00,24.0,74.5,0,650,650,4095,0
2026-02-24 02:24:00,24.0,74.5,0,619,619,4095,0
2026-02-24 02:54:00,23.9,74.5,0,627,627,4095,0
2026-02-24 03:24:00,23.8,74.5,0,656,656,4095,0
2026-02-24 03:54:00,23.7,74.5,0,664,664,4095,0
2026-02-24 04:24:00,23.6,74.5,0,643,643,4095,0
2026-02-24 04:54:00,23.6,75.1,0,720,720,4095,0
2026-02-24 05:24:00,23.5,75.1,0,633,633,4095,0
2026-02-24 05:54:00,23.4,75.1,0,613,613,4095,0
2026-02-24 06:24:00,23.4,75.1,0,626,626,4095,0
2026-02-24 06:54:00,23.3,75.7,0,621,621,4095,0
2026-02-24 07:24:00,23.4,75.7,0,651,651,4095,0
2026-02-24 07:54:00,23.5,75.1,0,645,645,3967,0
2026-02-24 08:24:00,23.5,75.1,0,613,613,3967,0
2026-02-24 08:54:00,23.7,74.5,0,630,630,3667,0
2026-02-24 09:24:00,23.8,74.5,0,656,656,3667,0
2026-02-24 09:54:00,24.1,72.1,0,636,636,2758,0
2026-02-24 10:24:00,24.2,72.1,0,650,650,2758,0
2026-02-24 10:54:00,24.3,72.7,0,677,677,2535,0
2026-02-24 11:24:00,24.4,72.7,0,690,690,2535,0
2026-02-24 11:54:00,25.4,67.9,0,689,689,2784,0
2026-02-24 12:24:00,25.5,67.9,0,706,706,2784,0
2026-02-24 12:54:00,25.8,62.5,0,709,709,650,0
2026-02-24 13:24:00,25.9,62.5,0,719,719,650,0
2026-02-24 13:54:00,25.9,63.7,0,747,747,1267,0
2026-02-24 14:24:00,26.0,63.7,0,753,753,1267,0
2026-02-24 14:54:00,25.9,64.9,0,764,764,1695,0
2026-02-24 15:24:00,25.8,64.9,0,803,803,1695,0
2026-02-24 15:54:00,25.6,64.9,0,773,773,2493,0
2026-02-24 16:24:00,25.4,64.9,0,782,782,2493,0
2026-02-24 16:54:00,25.0,69.7,0,811,811,3324,0
2026-02-24 17:24:00,24.8,69.7,0,787,787,3324,0
2026-02-24 17:54:00,24.4,71.5,0,815,815,4035,0
2026-02-24 18:24:00,24.3,71.5,0,773,773,4035,0
2026-02-24 18:54:00,24.1,70.9,0,786,786,4095,0
2026-02-24 19:24:00,23.9,70.9,0,794,794,4095,0
2026-02-24 19:54:00,23.7,69.7,0,799,799,4095,0
2026-02-24 20:24:00,23.6,69.7,0,821,821,4095,0
2026-02-24 20:54:00,23.5,69.7,0,774,774,4095,0
2026-02-24 21:24:00,23.4,69.7,0,780,780,4095,0
2026-02-24 21:54:00,23.3,71.5,0,770,770,4095,0
2026-02-24 22:24:00,23.2,71.5,0,780,780,4095,0
2026-02-24 22:54:00,23.1,72.1,0,806,806,4095,0
2026-02-24 23:24:00,23.0,72.1,0,767,767,4095,0
2026-02-24 23:54:00,22.8,72.7,0,777,777,4095,0
2026-02-25 00:24:00,22.7,72.7,0,811,811,4095,0
2026-02-25 00:54:00,22.4,73.9,0,775,775,4095,0
2026-02-25 01:24:00,22.3,73.9,0,757,757,4095,0
2026-02-25 01:54:00,22.1,74.5,0,781,781,4095,0
2026-02-25 02:24:00,22.0,74.5,0,818,818,4095,0
2026-02-25 02:54:00,21.8,74.5,0,787,787,4095,0
2026-02-25 03:24:00,21.7,74.5,0,785,785,4095,0
2026-02-25 03:54:00,21.5,75.1,0,815,815,4095,0
2026-02-25 04:24:00,21.5,75.1,0,799,799,4095,0
2026-02-25 04:54:00,21.2,75.1,0,764,764,4095,0
2026-02-25 05:24:00,21.2,75.1,0,780,780,4095,0
2026-02-25 05:54:00,21.3,75.1,0,749,749,4095,0
2026-02-25 06:24:00,21.4,75.1,0,797,797,4095,0
2026-02-25 06:54:00,21.1,75.7,0,791,791,4095,0
2026-02-25 07:24:00,21.3,75.7,0,766,766,4095,0
2026-02-25 07:54:00,22.0,74.5,0,799,799,3693,0
2026-02-25 08:24:00,22.3,74.5,0,798,798,3693,0
2026-02-25 08:54:00,23.2,73.3,0,829,829,2595,0
2026-02-25 09:24:00,23.5,73.3,0,797,797,2595,0
2026-02-25 09:54:00,24.5,70.3,0,327,327,1473,1
2026-02-25 10:24:00,24.9,70.3,0,335,335,1473,0
2026-02-25 10:54:00,25.7,69.7,0,373,373,641,0
2026-02-25 11:24:00,26.0,69.7,0,364,364,641,0
2026-02-25 11:54:00,26.9,67.3,0,414,414,295,0
2026-02-25 12:24:00,27.2,67.3,0,482,482,295,0
2026-02-25 12:54:00,27.8,65.5,0,497,497,295,0
2026-02-25 13:24:00,27.9,65.5,0,499,499,295,0
2026-02-25 13:54:00,28.3,63.7,0,513,513,358,0
2026-02-25 14:24:00,28.3,63.7,0,573,573,358,0
2026-02-25 14:54:00,28.3,62.5,0,591,591,1070,0
2026-02-25 15:24:00,28.2,62.5,0,615,615,1070,0
2026-02-25 15:54:00,27.9,63.7,0,642,642,2073,0
2026-02-25 16:24:00,27.7,63.7,0,596,596,2073,0
2026-02-25 16:54:00,27.1,66.7,0,655,655,3213,0
2026-02-25 17:24:00,26.9,66.7,0,610,610,3213,0
2026-02-25 17:54:00,26.3,66.7,0,629,629,4027,0
2026-02-25 18:24:00,26.0,66.7,0,589,589,4027,0
2026-02-25 18:54:00,25.4,68.5,0,607,607,4095,0
2026-02-25 19:24:00,25.2,68.5,0,634,634,4095,0
2026-02-25 19:54:00,24.6,68.5,0,626,626,4095,0
2026-02-25 20:24:00,24.4,68.5,0,607,607,4095,0
2026-02-25 20:54:00,24.0,67.9,0,614,614,4095,0
2026-02-25 21:24:00,23.8,67.9,0,602,602,4095,0
2026-02-25 21:54:00,23.4,67.9,0,630,630,4095,0
2026-02-25 22:24:00,23.3,67.9,0,574,574,4095,0
2026-02-25 22:54:00,23.0,67.9,0,637,637,4095,0
2026-02-25 23:24:00,22.9,67.9,0,597,597,4095,0
2026-02-25 23:54:00,22.6,70.3,0,611,611,4095,0
2026-02-26 00:24:00,22.5,70.3,0,586,586,4095,0
2026-02-26 00:54:00,22.4,71.5,0,616,616,4095,0
2026-02-26 01:24:00,22.3,71.5,0,622,622,4095,0
2026-02-26 01:54:00,22.2,72.7,0,619,619,4095,0
2026-02-26 02:24:00,22.1,72.7,0,621,621,4095,0
2026-02-26 02:54:00,21.9,74.5,0,610,610,4095,0
2026-02-26 03:24:00,21.8,74.5,0,611,611,4095,0
2026-02-26 03:54:00,21.7,75.1,0,609,609,4095,0
2026-02-26 04:24:00,21.7,75.1,0,603,603,4095,0
2026-02-26 04:54:00,21.7,75.7,0,604,604,4095,0
2026-02-26 05:24:00,21.7,75.7,0,620,620,4095,0
2026-02-26 05:54:00,21.9,76.3,0,638,638,4095,0
2026-02-26 06:24:00,22.0,76.3,0,597,597,4095,0
2026-02-26 06:54:00,22.1,75.7,0,613,613,4095,0
2026-02-26 07:24:00,22.2,75.7,0,595,595,4095,0
2026-02-26 07:54:00,22.3,75.1,0,610,610,3958,0
2026-02-26 08:24:00,22.4,75.1,0,615,615,3958,0
2026-02-26 08:54:00,22.6,73.9,0,630,630,3478,0
2026-02-26 09:24:00,22.7,73.9,0,633,633,3478,0
2026-02-26 09:54:00,22.9,73.3,0,636,636,3375,0
2026-02-26 10:24:00,23.1,73.3,0,650,650,3375,0
2026-02-26 10:54:00,23.4,70.3,0,634,634,3170,0
2026-02-26 11:24:00,23.5,70.3,0,659,659,3170,0
2026-02-26 11:54:00,24.3,64.3,0,681,681,2681,0
2026-02-26 12:24:00,24.4,64.3,0,615,615,2681,0
2026-02-26 12:54:00,24.7,60.7,0,663,663,1224,0
2026-02-26 13:24:00,24.8,60.7,0,730,730,1224,0
2026-02-26 13:54:00,24.7,63.1,0,703,703,2013,0
2026-02-26 14:24:00,24.7,63.1,0,727,727,2013,0
2026-02-26 14:54:00,24.6,64.9,0,755,755,2613,0
2026-02-26 15:24:00,24.5,64.9,0,731,731,2613,0
2026-02-26 15:54:00,24.2,66.7,0,768,768,3658,0
2026-02-26 16:24:00,24.1,66.7,0,742,742,3658,0
2026-02-26 16:54:00,23.9,68.5,0,742,742,3804,0
2026-02-26 17:24:00,23.8,68.5,0,738,738,3804,0
2026-02-26 17:54:00,23.8,67.3,0,748,748,4061,0
2026-02-26 18:24:00,23.7,67.3,0,772,772,4061,0
2026-02-26 18:54:00,23.6,67.3,0,752,752,4095,0
2026-02-26 19:24:00,23.6,67.3,0,716,716,4095,0
2026-02-26 19:54:00,23.5,67.3,0,776,776,4095,0
2026-02-26 20:24:00,23.5,67.3,0,740,740,4095,0
2026-02-26 20:54:00,23.4,67.3,0,767,767,4095,0
2026-02-26 21:24:00,23.4,67.3,0,792,792,4095,0
2026-02-26 21:54:00,23.4,67.3,0,769,769,4095,0
2026-02-26 22:24:00,23.3,67.3,0,752,752,4095,0
2026-02-26 22:54:00,23.2,68.5,0,750,750,4095,0
2026-02-26 23:24:00,23.2,68.5,0,771,771,4095,0
2026-02-26 23:54:00,23.2,69.7,0,778,778,4095,0
2026-02-27 00:24:00,23.1,69.7,0,770,770,4095,0
2026-02-27 00:54:00,23.0,70.9,0,765,765,4095,0
2026-02-27 01:24:00,22.9,70.9,0,753,753,4095,0
2026-02-27 01:54:00,22.8,72.7,0,778,778,4095,0
2026-02-27 02:24:00,22.7,72.7,0,768,768,4095,0
2026-02-27 02:54:00,22.7,72.7,0,759,759,4095,0
2026-02-27 03:24:00,22.7,72.7,0,792,792,4095,0
2026-02-27 03:54:00,22.6,73.3,0,779,779,4095,0
2026-02-27 04:24:00,22.6,73.3,0,766,766,4095,0
2026-02-27 04:54:00,22.5,73.3,0,756,756,4095,0
2026-02-27 05:24:00,22.5,73.3,0,775,775,4095,0
2026-02-27 05:54:00,22.5,73.3,0,778,778,4095,0
2026-02-27 06:24:00,22.6,73.3,0,770,770,4095,0
2026-02-27 06:54:00,22.6,72.7,0,777,777,4095,0
2026-02-27 07:24:00,22.7,72.7,0,757,757,4095,0
2026-02-27 07:54:00,22.8,72.1,0,774,774,3984,0
2026-02-27 08:24:00,22.9,72.1,0,765,765,3984,0
2026-02-27 08:54:00,23.1,72.1,0,778,778,3881,0
2026-02-27 09:24:00,23.2,72.1,0,774,774,3881,0
2026-02-27 09:54:00,23.5,71.5,0,801,801,3658,0
2026-02-27 10:24:00,23.6,71.5,0,808,808,3658,0
2026-02-27 10:54:00,23.8,72.7,0,807,807,3495,0
2026-02-27 11:24:00,23.9,72.7,0,794,794,3495,0
2026-02-27 11:54:00,24.3,72.1,0,791,791,3101,0
2026-02-27 12:24:00,24.4,72.1,0,830,830,3101,0
2026-02-27 12:54:00,24.6,71.5,0,824,824,3127,0
2026-02-27 13:24:00,24.6,71.5,0,331,331,3127,1
2026-02-27 13:54:00,25.0,68.5,0,377,377,2356,0
2026-02-27 14:24:00,25.0,68.5,0,390,390,2356,0
2026-02-27 14:54:00,24.9,69.7,0,364,364,2210,0
2026-02-27 15:24:00,24.9,69.7,0,409,409,2210,0
2026-02-27 15:54:00,24.8,69.7,0,381,381,2664,0
2026-02-27 16:24:00,24.7,69.7,0,398,398,2664,0
2026-02-27 16:54:00,24.4,69.7,0,391,391,3470,0
2026-02-27 17:24:00,24.2,69.7,0,404,404,3470,0
2026-02-27 17:54:00,24.1,67.3,0,400,400,4027,0
2026-02-27 18:24:00,23.9,67.3,0,441,441,4027,0
2026-02-27 18:54:00,23.5,64.9,0,417,417,4095,0
2026-02-27 19:24:00,23.4,64.9,0,413,413,4095,0
2026-02-27 19:54:00,23.0,66.1,0,441,441,4095,0
2026-02-27 20:24:00,22.8,66.1,0,440,440,4095,0
2026-02-27 20:54:00,22.4,69.1,0,413,413,4095,0
2026-02-27 21:24:00,22.4,69.1,0,426,426,4095,0
2026-02-27 21:54:00,22.0,69.7,0,409,409,4095,0
2026-02-27 22:24:00,21.9,69.7,0,418,418,4095,0
2026-02-27 22:54:00,21.6,69.7,0,400,400,4095,0
2026-02-27 23:24:00,18.1,65.0,28,409,409,4095,0
2026-02-27 23:54:00,18.1,65.0,133,423,423,4095,0
2026-02-28 00:24:00,18.0,66.0,45,420,420,4095,0
2026-02-28 00:54:00,17.9,68.0,149,403,403,4095,0
2026-02-28 01:24:00,17.7,70.0,151,368,368,4095,0
2026-02-28 01:54:00,17.6,71.0,138,391,391,4095,0
2026-02-28 02:24:00,17.5,72.0,123,400,400,4095,0
2026-02-28 02:54:00,17.4,72.0,144,379,379,4095,0
2026-02-28 03:24:00,17.3,72.0,117,376,376,4095,0
2026-02-28 03:54:00,17.3,72.0,117,430,430,4095,0
2026-02-28 04:24:00,17.3,73.0,39,419,419,4095,0
2026-02-28 04:54:00,17.3,73.0,61,413,413,4095,0
2026-02-28 05:24:00,17.2,73.0,150,417,417,4095,0
2026-02-28 05:54:00,17.1,73.0,150,383,383,4095,0
2026-02-28 06:24:00,17.1,72.0,38,389,389,4095,0
2026-02-28 06:54:00,17.0,72.0,27,409,409,4095,0
2026-02-28 07:24:00,17.0,71.0,23,411,411,3797,0
2026-02-28 07:54:00,18.3,67.0,4,390,390,3921,0
2026-02-28 08:24:00,19.8,63.0,21,429,429,3199,0
2026-02-28 08:54:00,21.5,59.0,88,441,441,2111,0
2026-02-28 09:24:00,23.3,55.0,104,476,476,2553,0
2026-02-28 09:54:00,23.9,52.0,40,478,478,2590,0
2026-02-28 10:24:00,24.3,50.0,101,524,524,1715,0
2026-02-28 10:54:00,24.5,49.0,105,511,511,1571,0
2026-02-28 11:24:00,24.8,48.0,29,521,521,1607,0
2026-02-28 11:54:00,25.0,48.0,110,594,594,1567,0
2026-02-28 12:24:00,25.2,47.0,108,597,597,1403,0
2026-02-28 12:54:00,25.2,48.0,43,613,613,1427,0
2026-02-28 13:24:00,25.2,48.0,43,620,620,1727,0
2026-02-28 13:54:00,24.8,48.0,108,647,647,1685,0
2026-02-28 14:24:00,24.1,49.0,103,661,661,1749,0
2026-02-28 14:54:00,23.2,49.0,21,659,659,1863,0
2026-02-28 15:24:00,22.2,50.0,11,643,643,2123,0
2026-02-28 15:54:00,21.5,50.0,19,677,677,2107,0
2026-02-28 16:24:00,21.0,51.0,3,702,702,2245,0
2026-02-28 16:54:00,20.5,50.0,7,714,714,2661,0
2026-02-28 17:24:00,20.2,50.0,0,711,711,3379,0
2026-02-28 18:24:00,19.6,51.0,11,710,710,4095,0
2026-02-28 18:54:00,19.4,51.0,1,672,672,2195,0
2026-02-28 19:24:00,19.2,51.0,23,695,695,2228,0
2026-02-28 19:54:00,19.0,51.0,7,699,699,2232,0
2026-02-28 20:24:00,18.8,50.0,7,702,702,3211,0
2026-02-28 20:55:00,18.6,50.0,0,693,693,3235,0
2026-02-28 21:25:00,18.5,50.0,24,701,701,3223,0
2026-02-28 21:55:00,18.4,51.0,1,737,737,3241,0
2026-02-28 22:25:00,18.4,52.0,23,722,722,3239,0
2026-02-28 22:55:00,18.6,51.0,6,718,718,3283,0
2026-02-28 23:25:00,19.7,51.0,47,730,730,3236,0
2026-02-28 23:55:00,21.5,50.0,40,723,723,3240,0
2026-03-01 00:25:00,23.4,48.0,1,757,757,3243,0
2026-03-01 00:55:00,24.9,45.0,5,758,758,4095,0
2026-03-01 01:25:00,25.2,44.0,24,773,773,4095,0
2026-03-01 01:55:00,25.2,44.0,8,746,746,4095,0
2026-03-01 02:25:00,24.3,44.0,13,768,768,4095,0
2026-03-01 02:55:00,22.8,45.0,18,741,741,4095,0
2026-03-01 03:25:00,21.4,46.0,27,754,754,4095,0
2026-03-01 03:55:00,20.3,46.0,52,740,740,4095,0
2026-03-01 04:25:00,19.6,47.0,22,733,733,4095,0
2026-03-01 04:55:00,19.1,47.0,43,726,726,4095,0
2026-03-01 05:25:00,18.7,48.0,22,729,729,4095,0
2026-03-01 05:55:00,18.4,49.0,25,721,721,4095,0
2026-03-01 06:25:00,18.2,49.0,70,723,723,4095,0
2026-03-01 06:55:00,18.0,50.0,20,737,737,4095,0
2026-03-01 07:25:00,18.0,50.0,45,701,701,3997,0
2026-03-01 07:55:00,18.7,49.0,53,750,750,3685,0
2026-03-01 08:25:00,19.3,49.0,51,758,758,3179,0
2026-03-01 08:55:00,19.6,49.0,25,745,745,2648,0
2026-03-01 09:25:00,19.9,48.0,13,759,759,2643,0
2026-03-01 09:55:00,19.9,48.0,41,745,745,3101,0
2026-03-01 10:25:00,19.9,48.0,23,775,775,2659,0
2026-03-01 10:55:00,20.5,48.0,31,762,762,2775,0
2026-03-01 11:55:00,23.3,44.0,8,752,752,3013,0
2026-03-01 12:25:00,25.1,41.0,57,841,841,2189,0
2026-03-01 12:55:00,25.7,40.0,13,812,812,2601,0
2026-03-01 13:25:00,25.9,39.0,44,322,322,1829,1
2026-03-01 13:55:00,26.1,39.0,74,373,373,2011,0
2026-03-01 14:25:00,26.2,38.0,51,382,382,2205,0
2026-03-01 14:55:00,26.2,38.0,88,413,413,2281,0
2026-03-01 15:25:00,26.2,38.0,23,432,432,2419,0
2026-03-01 15:55:00,26.2,38.0,39,413,413,2668,0
2026-03-01 16:25:00,26.2,38.0,36,370,370,2809,0
2026-03-01 16:55:00,25.7,38.0,68,445,445,3363,0
2026-03-01 17:25:00,25.7,37.0,25,458,458,4095,0
2026-03-01 17:55:00,25.5,37.0,19,462,462,4095,0
2026-03-01 18:25:00,24.8,38.0,5,473,473,4095,0
2026-03-01 18:55:00,24.0,38.0,11,436,436,4095,0
2026-03-01 19:25:00,23.6,39.0,24,463,463,4095,0
2026-03-01 19:55:00,23.9,39.0,41,439,439,4095,0
2026-03-01 20:25:00,23.9,39.0,43,449,449,4095,0
2026-03-01 20:55:00,23.8,39.0,27,455,455,4095,0
2026-03-01 21:25:00,23.6,39.0,58,480,480,4095,0
2026-03-01 21:55:00,23.8,39.0,9,459,459,3213,0
2026-03-01 22:25:00,24.5,38.0,86,450,450,3179,0
2026-03-01 22:55:00,25.2,37.0,19,498,498,3192,0
2026-03-01 23:25:00,25.2,37.0,12,482,482,3193,0
2026-03-01 23:55:00,25.3,37.0,29,472,472,3175,0
2026-03-02 00:25:00,25.4,36.0,44,516,516,3171,0
2026-03-02 00:55:00,25.4,36.0,39,498,498,4095,0
2026-03-02 01:25:00,24.4,36.0,14,509,509,4095,0
2026-03-02 02:55:00,21.5,40.0,23,429,429,4095,0
2026-03-02 03:25:00,20.9,41.0,74,445,445,4095,0
2026-03-02 03:55:00,20.4,42.0,79,487,487,4095,0
2026-03-02 04:25:00,20.1,43.0,27,464,464,4095,0
2026-03-02 04:55:00,19.9,44.0,3,486,486,4095,0
2026-03-02 05:25:00,19.7,44.0,23,487,487,4095,0
2026-03-02 05:55:00,19.5,45.0,60,485,485,4095,0
2026-03-02 06:25:00,19.3,45.0,42,505,505,4095,0
2026-03-02 06:55:00,19.1,45.0,46,536,536,3932,0
2026-03-02 07:25:00,18.9,45.0,41,492,492,3435,0
2026-03-02 07:55:00,18.7,46.0,61,521,521,3155,0
2026-03-02 08:25:00,18.7,46.0,57,463,463,2909,0
2026-03-02 08:55:00,19.6,44.0,1,497,497,2719,0
2026-03-02 09:25:00,20.2,43.0,5,491,491,2643,0
2026-03-02 09:55:00,21.1,42.0,6,516,516,2163,0
2026-03-02 10:25:00,21.6,42.0,67,544,544,2042,0
2026-03-02 10:55:00,21.6,42.0,397,596,596,2201,0
2026-03-02 11:25:00,20.8,43.0,3,568,568,2251,0
2026-03-02 11:55:00,20.2,45.0,11,594,594,2291,0
2026-03-02 12:25:00,19.6,45.0,0,573,573,2469,0
2026-03-02 12:55:00,19.3,45.0,17,579,579,2407,0
2026-03-02 13:25:00,19.1,46.0,0,569,569,2597,0
2026-03-02 13:55:00,19.0,46.0,94,641,641,2671,0
2026-03-02 14:25:00,18.8,46.0,187,639,639,2639,0
2026-03-02 14:55:00,18.8,46.0,16,626,626,2741,0
2026-03-02 15:25:00,18.7,46.0,0,623,623,2765,0
2026-03-02 15:55:00,18.6,46.0,3,635,635,2837,0
2026-03-02 16:25:00,18.6,47.0,0,614,614,3035,0
2026-03-02 16:55:00,18.5,47.0,0,651,651,3325,0
2026-03-02 17:25:00,18.4,47.0,0,670,670,3731,0
2026-03-02 17:55:00,18.4,47.0,0,673,673,4095,0
2026-03-02 18:25:00,18.3,47.0,0,621,621,4095,0
2026-03-02 18:55:00,18.3,47.0,0,670,670,1915,0
2026-03-02 19:25:00,18.6,47.0,0,630,630,4095,0
2026-03-02 19:56:00,22.1,42.0,0,636,636,4095,0
2026-03-02 20:26:00,24.0,39.0,0,707,707,4095,0
2026-03-02 20:56:00,25.5,36.0,0,687,687,4095,0
2026-03-02 21:26:00,25.6,34.0,26,715,715,4095,0
2026-03-02 21:56:00,25.9,33.0,28,715,715,4095,0
2026-03-02 22:26:00,26.2,32.0,27,715,715,4095,0
2026-03-02 23:26:00,27.1,29.0,21,710,710,4095,0
2026-03-02 23:56:00,27.1,29.0,21,687,687,4095,0
2026-03-03 00:56:00,25.8,30.0,23,700,700,3053,0
2026-03-03 01:26:00,24.5,32.0,28,725,725,4095,0
2026-03-03 01:56:00,22.9,34.0,27,709,709,4095,0
2026-03-03 02:56:00,20.7,40.0,1,677,677,4095,0
2026-03-03 03:26:00,20.1,42.0,0,674,674,4095,0
2026-03-03 03:56:00,19.6,43.0,0,688,688,4095,0
2026-03-03 04:26:00,19.2,44.0,0,679,679,4095,0
2026-03-03 04:56:00,19.0,45.0,0,672,672,4095,0
2026-03-03 05:26:00,18.8,46.0,0,685,685,4095,0
2026-03-03 05:56:00,18.7,47.0,0,685,685,4095,0
2026-03-03 06:26:00,18.6,47.0,0,664,664,4095,0
2026-03-03 06:56:00,18.4,48.0,0,682,682,3678,0
2026-03-03 07:26:00,18.4,48.0,0,685,685,2437,0
2026-03-03 07:56:00,19.5,47.0,0,686,686,2847,0
2026-03-03 08:26:00,21.4,44.0,245,688,688,2531,0
2026-03-03 08:56:00,23.3,40.0,0,694,694,1779,0
2026-03-03 09:26:00,24.7,37.0,0,770,770,1979,0
2026-03-03 09:56:00,24.7,35.0,0,725,725,2095,0
2026-03-03 10:26:00,24.4,35.0,0,753,753,2101,0
2026-03-03 10:56:00,23.2,36.0,0,754,754,2301,0
2026-03-03 11:26:00,21.7,38.0,0,772,772,1693,0
2026-03-03 11:56:00,20.7,40.0,0,750,750,1989,0
2026-03-03 12:26:00,20.1,41.0,63,778,778,1885,0
2026-03-03 12:56:00,19.6,42.0,11,780,780,1769,0
2026-03-03 13:26:00,19.3,42.0,0,288,288,1903,1
2026-03-03 14:26:00,18.9,43.0,0,307,307,1978,0
2026-03-03 14:56:00,18.9,43.0,0,300,300,2105,0
2026-03-03 15:26:00,18.8,43.0,0,340,340,2441,0
2026-03-03 15:56:00,18.7,43.0,0,341,341,2568,0
2026-03-03 16:26:00,18.6,43.0,0,316,316,2953,0
2026-03-03 16:56:00,18.5,43.0,0,313,313,3273,0
2026-03-03 17:26:00,18.3,43.0,0,344,344,3644,0
2026-03-03 17:56:00,18.1,43.0,0,358,358,4095,0
2026-03-03 18:26:00,17.9,44.0,0,339,339,4095,0
2026-03-03 18:56:00,17.7,44.0,0,356,356,4095,0
2026-03-03 19:26:00,17.4,43.0,0,351,351,4095,0
2026-03-03 19:56:00,17.2,43.0,0,384,384,4095,0
2026-03-03 20:26:00,17.0,43.0,0,333,333,4095,0
2026-03-03 20:56:00,17.0,43.0,0,373,373,3021,0
2026-03-03 21:26:00,17.1,42.0,0,375,375,3083,0
2026-03-03 21:56:00,18.5,41.0,0,371,371,3080,0
2026-03-03 22:26:00,20.4,39.0,0,352,352,3091,0
2026-03-03 22:56:00,22.6,36.0,0,405,405,3079,0
2026-03-03 23:26:00,24.8,33.0,0,394,394,3053,0
2026-03-04 00:56:00,24.6,32.0,0,456,456,4095,0
2026-03-04 01:26:00,23.3,33.0,0,413,413,4095,0
2026-03-04 01:56:00,21.5,35.0,0,443,443,4095,0
2026-03-04 02:26:00,20.0,37.0,0,403,403,4095,0
2026-03-04 02:56:00,19.2,39.0,0,387,387,4095,0
2026-03-04 03:26:00,18.6,41.0,0,419,419,4095,0
2026-03-04 03:56:00,18.2,43.0,0,402,402,4095,0
2026-03-04 04:26:00,17.9,45.0,0,439,439,4095,0
2026-03-04 04:56:00,17.5,45.0,0,383,383,4095,0
2026-03-04 05:26:00,17.3,46.0,0,419,419,4095,0
2026-03-04 05:56:00,17.1,46.0,0,437,437,4095,0
2026-03-04 06:26:00,17.0,47.0,0,420,420,4095,0
2026-03-04 06:56:00,17.0,47.0,0,409,409,4067,0
2026-03-04 07:26:00,17.0,47.0,0,423,423,3860,0
2026-03-04 07:56:00,18.3,46.0,0,407,407,3241,0
2026-03-04 08:26:00,20.3,43.0,0,411,411,2941,0
2026-03-04 08:56:00,22.6,40.0,0,436,436,2711,0
2026-03-04 09:26:00,24.4,36.0,0,466,466,2507,0
2026-03-04 10:14:00,20.6,41.0,0,476,476,1976,0
2026-03-04 10:44:00,20.6,41.0,0,467,467,1976,0
2026-03-04 11:14:00,20.4,41.0,0,495,495,1785,0
2026-03-04 11:44:00,19.9,42.0,0,506,506,1746,0
2026-03-04 12:14:00,19.3,43.0,0,544,544,2231,0
2026-03-04 12:44:00,18.6,44.0,0,568,568,2167,0
2026-03-04 13:14:00,18.1,45.0,0,522,522,2283,0
2026-03-04 13:44:00,17.9,46.0,21,558,558,2381,0
2026-03-04 14:44:00,17.5,48.0,0,574,574,2503,0
2026-03-04 15:14:00,17.4,48.0,89,556,556,2558,0
2026-03-04 15:44:00,17.3,49.0,0,540,540,2686,0
2026-03-04 16:14:00,17.3,49.0,0,593,593,2793,0
2026-03-04 16:44:00,17.2,50.0,0,548,548,3019,0
2026-03-04 17:14:00,17.1,50.0,0,606,606,3381,0
2026-03-04 17:44:00,17.0,51.0,0,568,568,3912,0
2026-03-04 18:14:00,16.8,51.0,0,554,554,4095,0
2026-03-04 18:44:00,16.7,52.0,0,575,575,1826,0
2026-03-04 19:14:00,16.7,52.0,0,584,584,1895,0
2026-03-04 19:44:00,17.4,51.0,9,593,593,2010,0
2026-03-04 20:43:00,20.1,46.0,0,620,620,2987,0
2026-03-04 21:13:00,20.1,46.0,0,615,615,4095,0
2026-03-04 21:43:00,20.1,46.0,40,645,645,4073,0
2026-03-04 22:13:00,21.3,44.0,0,618,618,4095,0
2026-03-04 22:43:00,22.6,42.0,0,634,634,4095,0
2026-03-04 23:13:00,24.0,39.0,0,642,642,4095,0
2026-03-04 23:44:00,25.5,36.0,0,618,618,4095,0
2026-03-05 00:14:00,25.5,35.0,0,628,628,4095,0
2026-03-05 00:44:00,25.2,35.0,0,650,650,4095,0
2026-03-05 01:14:00,24.2,36.0,0,653,653,4095,0
2026-03-05 01:44:00,22.8,38.0,0,602,602,4095,0
2026-03-05 02:14:00,21.2,40.0,0,665,665,4095,0
2026-03-05 02:44:00,20.3,43.0,0,637,637,4095,0
2026-03-05 03:14:00,19.7,44.0,0,626,626,4095,0
2026-03-05 03:44:00,19.3,46.0,0,634,634,4095,0
2026-03-05 04:14:00,19.1,47.0,0,616,616,4095,0
2026-03-05 04:44:00,19.1,47.0,0,630,630,4095,0
2026-03-05 05:14:00,20.5,45.0,0,642,642,4095,0
2026-03-05 05:44:00,22.3,41.0,0,670,670,4095,0
2026-03-05 06:14:00,24.2,38.0,0,656,656,4095,0
2026-03-05 06:44:00,26.1,34.0,0,646,646,3939,0
2026-03-05 07:14:00,26.2,32.0,0,659,659,3343,0
2026-03-05 08:14:00,26.8,30.0,0,678,678,2809,0
2026-03-05 08:44:00,26.5,30.0,0,662,662,2645,0
2026-03-05 09:14:00,25.9,31.0,0,672,672,2523,0
2026-03-05 09:44:00,25.0,33.0,0,676,676,2542,0
2026-03-05 10:14:00,24.1,35.0,0,688,688,2533,0
2026-03-05 10:44:00,22.5,37.0,0,704,704,2595,0
2026-03-05 11:14:00,21.4,38.0,0,691,691,2651,0
2026-03-05 11:44:00,20.8,39.0,0,715,715,2669,0
2026-03-05 12:14:00,20.3,40.0,0,710,710,2705,0
2026-03-05 12:44:00,20.0,41.0,0,701,701,2757,0
2026-03-05 13:14:00,19.8,41.0,0,733,733,2793,0
2026-03-05 13:44:00,19.8,42.0,0,739,739,2823,0
2026-03-05 14:14:00,19.7,42.0,0,754,754,2873,0
2026-03-05 14:44:00,19.6,42.0,0,764,764,2943,0
2026-03-05 15:14:00,19.6,42.0,0,779,779,2934,0
2026-03-05 15:44:00,19.5,42.0,0,770,770,3001,0
2026-03-05 16:14:00,19.5,42.0,0,769,769,3115,0
2026-03-05 16:44:00,19.4,42.0,0,782,782,3307,0
2026-03-05 17:14:00,19.4,43.0,0,765,765,3619,0
2026-03-05 17:44:00,19.3,43.0,0,766,766,4003,0
2026-03-05 18:14:00,19.2,43.0,0,803,803,4095,0
2026-03-05 19:14:00,19.0,44.0,0,766,766,4095,0
2026-03-05 19:44:00,18.9,44.0,0,761,761,4095,0
2026-03-05 20:14:00,18.8,45.0,0,786,786,4095,0
2026-03-05 20:44:00,18.8,45.0,0,769,769,4095,0
2026-03-05 21:14:00,19.4,44.0,0,796,796,4095,0
2026-03-05 21:44:00,20.0,43.0,0,807,807,4095,0
2026-03-05 22:14:00,20.4,43.0,0,775,775,4095,0
2026-03-05 22:44:00,20.6,42.0,0,801,801,4095,0
2026-03-05 23:14:00,20.6,42.0,0,783,783,1911,0
2026-03-05 23:44:00,20.7,42.0,0,792,792,1925,0
2026-03-06 00:14:00,20.7,43.0,0,805,805,1943,0
2026-03-06 00:44:00,20.6,44.0,0,789,789,4095,0
2026-03-06 01:14:00,20.6,45.0,0,346,346,4095,1
2026-03-06 01:44:00,20.7,45.0,0,358,358,4095,0
2026-03-06 02:14:00,20.8,46.0,0,348,348,4095,0
2026-03-06 02:44:00,20.8,46.0,0,355,355,4095,0
2026-03-06 03:14:00,20.9,46.0,0,320,320,4095,0
2026-03-06 03:44:00,20.9,46.0,0,356,356,4095,0
2026-03-06 04:14:00,20.9,46.0,0,331,331,4095,0
2026-03-06 04:44:00,20.9,46.0,0,357,357,4095,0
2026-03-06 05:14:00,20.8,46.0,0,316,316,4095,0
2026-03-06 05:44:00,20.8,46.0,0,318,318,4095,0
2026-03-06 06:14:00,20.8,46.0,0,377,377,4095,0
2026-03-06 06:44:00,20.8,46.0,0,333,333,3947,0
2026-03-06 07:14:00,20.9,46.0,0,357,357,3333,0
2026-03-06 07:44:00,20.9,46.0,0,352,352,3230,0
2026-03-06 08:14:00,20.9,46.0,0,394,394,3320,0
2026-03-06 08:44:00,20.9,46.0,0,386,386,3257,0
2026-03-06 09:14:00,20.9,46.0,0,377,377,2839,0
2026-03-06 09:44:00,20.9,45.0,0,371,371,2675,0
2026-03-06 10:14:00,20.8,45.0,0,399,399,2845,0
2026-03-06 10:44:00,20.8,45.0,0,396,396,2390,0
2026-03-06 11:14:00,20.7,45.0,0,426,426,2425,0
2026-03-06 11:44:00,20.2,45.0,0,382,382,2743,0
2026-03-06 12:14:00,19.8,46.0,0,442,442,2898,0
2026-03-06 12:44:00,19.6,47.0,0,456,456,2285,0
2026-03-06 13:14:00,19.3,48.0,0,453,453,2723,0
2026-03-06 13:44:00,19.1,49.0,0,464,464,3051,0
2026-03-06 14:14:00,19.0,49.0,0,470,470,3045,0
2026-03-06 14:44:00,18.8,49.0,0,485,485,3263,0
2026-03-06 15:14:00,18.6,50.0,0,521,521,2857,0
2026-03-06 15:44:00,18.4,50.0,0,516,516,3367,0
2026-03-06 16:14:00,18.2,51.0,0,503,503,3449,0
2026-03-06 16:44:00,18.1,51.0,0,503,503,3610,0
2026-03-06 17:14:00,18.0,52.0,0,528,528,3867,0
2026-03-06 17:44:00,17.8,52.0,0,519,519,3963,0
2026-03-06 18:14:00,17.7,52.0,0,500,500,3982,0
2026-03-06 18:44:00,17.7,52.0,0,516,516,4000,0
2026-03-06 19:14:00,17.7,52.0,0,545,545,3977,0
2026-03-06 19:44:00,18.6,50.0,0,536,536,3967,0
2026-03-06 20:14:00,19.3,49.0,0,525,525,3967,0
2026-03-06 20:44:00,19.8,47.0,0,510,510,3963,0
2026-03-06 21:14:00,20.3,46.0,0,547,547,2983,0
2026-03-06 21:44:00,21.0,45.0,0,550,550,2966,0
2026-03-06 22:14:00,21.0,45.0,0,551,551,2963,0
2026-03-06 22:44:00,20.5,46.0,0,570,570,2963,0
2026-03-06 23:14:00,20.3,46.0,0,568,568,2965,0
2026-03-06 23:44:00,20.4,46.0,0,537,537,2965,0
2026-03-07 00:14:00,20.4,47.0,0,564,564,3993,0
2026-03-07 00:44:00,20.0,47.0,0,540,540,3979,0
2026-03-07 01:14:00,19.8,48.0,0,554,554,3985,0
2026-03-07 01:44:00,19.5,48.0,0,538,538,3982,0
2026-03-07 02:14:00,19.1,48.0,0,538,538,3987,0
2026-03-07 02:44:00,18.8,49.0,0,527,527,3981,0
2026-03-07 03:14:00,18.4,50.0,0,565,565,3983,0
2026-03-07 03:44:00,18.2,50.0,0,563,563,3981,0
2026-03-07 04:14:00,18.0,50.0,0,558,558,3967,0
2026-03-07 04:44:00,17.9,51.0,0,548,548,3979,0
2026-03-07 05:14:00,17.8,51.0,0,535,535,3967,0
2026-03-07 05:44:00,17.6,51.0,0,551,551,3980,0
2026-03-07 06:14:00,17.5,51.0,0,565,565,3967,0
2026-03-07 06:44:00,17.4,51.0,0,565,565,3927,0
2026-03-07 07:14:00,17.3,51.0,0,586,586,3719,0
2026-03-07 07:44:00,17.3,52.0,0,585,585,3511,0
2026-03-07 08:14:00,17.3,52.0,0,566,566,3359,0
2026-03-07 08:44:00,17.8,51.0,0,564,564,3399,0
2026-03-07 09:14:00,18.7,50.0,0,569,569,3067,0
2026-03-07 09:44:00,19.4,49.0,0,567,567,2903,0
2026-03-07 10:14:00,19.9,48.0,0,584,584,2703,0
2026-03-07 10:44:00,20.5,47.0,0,586,586,2645,0
2026-03-07 11:14:00,21.2,46.0,0,661,661,2759,0
2026-03-07 11:44:00,22.1,45.0,0,650,650,2440,0
2026-03-07 12:14:00,23.3,44.0,0,681,681,1683,0
2026-03-07 12:44:00,24.0,43.0,0,680,680,2425,0
2026-03-07 13:14:00,24.0,43.0,0,738,738,2203,0
2026-03-07 13:44:00,24.0,43.0,0,685,685,2101,0
2026-03-07 14:14:00,23.8,42.0,0,686,686,2223,0
2026-03-07 14:44:00,23.8,42.0,0,766,766,2109,0
2026-03-07 15:14:00,23.8,41.0,0,707,707,2477,0
2026-03-07 15:44:00,24.1,39.0,0,736,736,2869,0
2026-03-07 16:14:00,24.1,39.0,0,735,735,3065,0
2026-03-07 16:44:00,24.1,39.0,0,759,759,3193,0
2026-03-07 17:14:00,23.2,39.0,0,747,747,3349,0
2026-03-07 17:44:00,21.7,41.0,0,760,760,3829,0
2026-03-07 18:14:00,20.6,43.0,0,760,760,4007,0
2026-03-07 18:44:00,19.7,44.0,0,714,714,4011,0
2026-03-07 19:14:00,19.0,46.0,0,724,724,4030,0
2026-03-07 19:44:00,18.6,47.0,0,750,750,4026,0
2026-03-07 20:14:00,18.3,48.0,0,756,756,4023,0
2026-03-07 20:44:00,18.1,48.0,0,739,739,4038,0
2026-03-07 21:14:00,17.9,49.0,0,743,743,4040,0
2026-03-07 21:44:00,17.8,50.0,0,765,765,2950,0
2026-03-07 22:14:00,17.7,50.0,0,735,735,2982,0
2026-03-07 22:44:00,17.7,50.0,0,745,745,4083,0
2026-03-07 23:14:00,17.8,50.0,0,764,764,4059,0
2026-03-07 23:44:00,19.3,49.0,0,774,774,4040,0
2026-03-08 00:14:00,21.4,46.0,0,763,763,4057,0
2026-03-08 00:44:00,23.4,43.0,0,763,763,4042,0
2026-03-08 01:14:00,24.8,39.0,0,784,784,4044,0
2026-03-08 01:44:00,24.8,39.0,0,787,787,4031,0
2026-03-08 02:14:00,24.3,39.0,0,772,772,4047,0
2026-03-08 02:44:00,23.1,41.0,0,768,768,4039,0
2026-03-08 03:44:00,20.7,45.0,0,792,792,4047,0
2026-03-08 04:14:00,20.0,46.0,0,774,774,4031,0
2026-03-08 04:44:00,19.6,48.0,0,759,759,4041,0
2026-03-08 05:14:00,19.1,49.0,0,744,744,4043,0
2026-03-08 05:44:00,18.8,50.0,0,750,750,4040,0
2026-03-08 06:14:00,18.6,50.0,0,734,734,4045,0
2026-03-08 06:44:00,18.5,51.0,0,767,767,3995,0
2026-03-08 07:14:00,18.5,51.0,0,752,752,3850,0
2026-03-08 07:44:00,19.0,50.0,0,774,774,3683,0
2026-03-08 08:14:00,20.5,48.0,0,793,793,3537,0
2026-03-08 08:44:00,22.2,44.0,0,799,799,3315,0
2026-03-08 09:14:00,24.0,40.0,0,802,802,3035,0
2026-03-08 09:44:00,25.2,37.0,0,807,807,2969,0
2026-03-08 10:14:00,25.2,35.0,0,808,808,2655,0
2026-03-08 10:44:00,25.2,35.0,0,355,355,2703,1
2026-03-08 11:14:00,24.7,35.0,0,350,350,2568,0
2026-03-08 11:44:00,23.7,36.0,0,349,349,2507,0
2026-03-08 12:14:00,22.5,37.0,0,374,374,2415,0
2026-03-08 12:44:00,21.5,39.0,0,391,391,2490,0
2026-03-08 13:14:00,20.7,41.0,0,371,371,2572,0
2026-03-08 13:44:00,20.2,42.0,0,397,397,2665,0
2026-03-08 14:14:00,19.8,44.0,0,407,407,2679,0
2026-03-08 14:44:00,19.4,45.0,0,436,436,2871,0
2026-03-08 15:14:00,19.2,46.0,0,413,413,3036,0
2026-03-08 15:44:00,19.0,46.0,0,411,411,3161,0
2026-03-08 16:14:00,18.8,47.0,0,439,439,3439,0
2026-03-08 16:44:00,18.7,47.0,0,450,450,3565,0
2026-03-08 17:14:00,18.6,47.0,0,445,445,3828,0
2026-03-08 17:44:00,18.4,48.0,0,472,472,3967,0
2026-03-08 18:14:00,18.3,48.0,0,441,441,4019,0
2026-03-08 18:44:00,18.2,48.0,0,452,452,4021,0
2026-03-08 19:14:00,18.1,49.0,0,424,424,4011,0
2026-03-08 19:44:00,18.0,49.0,0,434,434,4012,0
2026-03-08 20:14:00,18.0,49.0,0,439,439,4013,0
2026-03-08 20:44:00,17.9,49.0,0,449,449,4015,0
2026-03-08 21:14:00,17.9,49.0,0,434,434,2903,0
2026-03-08 21:44:00,17.9,49.0,0,471,471,3015,0
2026-03-08 22:14:00,18.0,51.0,0,451,451,3005,0
2026-03-08 22:44:00,18.1,52.0,0,508,508,3015,0
2026-03-08 23:14:00,18.2,52.0,0,459,459,3005,0
2026-03-08 23:44:00,18.3,53.0,0,475,475,4095,0
2026-03-09 00:14:00,18.3,53.0,0,474,474,4095,0
2026-03-09 00:44:00,18.3,53.0,0,458,458,4095,0
2026-03-09 01:14:00,18.3,53.0,0,474,474,4095,0
2026-03-09 01:44:00,18.3,53.0,0,475,475,4095,0
2026-03-09 02:14:00,18.3,53.0,0,496,496,4091,0
2026-03-09 02:44:00,18.3,53.0,0,489,489,4091,0
2026-03-09 03:14:00,18.2,53.0,0,493,493,4093,0
2026-03-09 03:44:00,18.2,53.0,0,499,499,4089,0
2026-03-09 04:14:00,18.1,53.0,0,482,482,4093,0
2026-03-09 04:44:00,18.1,53.0,0,505,505,4095,0
2026-03-09 05:14:00,18.0,52.0,0,474,474,4093,0
2026-03-09 05:44:00,18.0,52.0,0,494,494,4091,0
2026-03-09 06:14:00,17.9,52.0,0,486,486,4087,0
2026-03-09 06:44:00,17.9,52.0,0,449,449,4005,0
2026-03-09 07:14:00,17.9,52.0,0,487,487,3812,0
2026-03-09 07:44:00,18.2,52.0,0,519,519,3571,0
2026-03-09 08:14:00,19.5,51.0,0,489,489,3343,0
2026-03-09 08:44:00,21.3,48.0,0,510,510,3043,0
2026-03-09 09:14:00,23.3,44.0,0,529,529,2714,0
2026-03-09 09:44:00,24.4,41.0,0,569,569,2530,0
2026-03-09 10:14:00,24.4,41.0,0,557,557,2555,0
2026-03-09 10:44:00,24.2,41.0,0,572,572,2463,0
2026-03-09 11:14:00,23.3,42.0,0,557,557,1693,0
2026-03-09 11:44:00,22.1,45.0,0,613,613,2044,0
2026-03-09 12:14:00,21.3,48.0,0,608,608,2491,0
2026-03-09 12:44:00,20.7,50.0,0,591,591,2262,0
2026-03-09 13:14:00,20.2,51.0,0,586,586,2213,0
2026-03-09 13:44:00,19.9,52.0,0,640,640,2431,0
2026-03-09 14:14:00,19.7,52.0,0,628,628,2471,0
2026-03-09 14:44:00,19.5,52.0,0,642,642,2552,0
2026-03-09 15:14:00,19.4,52.0,0,678,678,2893,0
2026-03-09 15:44:00,19.4,52.0,0,665,665,2964,0
2026-03-09 16:14:00,19.8,52.0,0,683,683,2995,0
2026-03-09 16:44:00,21.2,49.0,0,673,673,3043,0
2026-03-09 17:14:00,22.8,46.0,0,697,697,3399,0
2026-03-09 17:44:00,24.7,43.0,0,711,711,3871,0
2026-03-09 18:14:00,26.1,39.0,0,701,701,4095,0
2026-03-09 18:44:00,26.1,38.0,0,732,732,4095,0
2026-03-09 19:14:00,26.0,38.0,0,701,701,4095,0
2026-03-09 19:44:00,25.3,39.0,0,725,725,4095,0
2026-03-09 20:14:00,24.2,40.0,0,713,713,4095,0
2026-03-09 20:44:00,23.3,42.0,0,701,701,4095,0
2026-03-09 21:14:00,23.3,42.0,0,698,698,4095,0
2026-03-09 21:44:00,23.5,42.0,0,688,688,4095,0
2026-03-09 22:14:00,24.4,41.0,0,698,698,4095,0
2026-03-09 22:44:00,25.8,39.0,0,719,719,4095,0
2026-03-09 23:15:00,27.0,37.0,0,718,718,4095,0
2026-03-09 23:45:00,27.6,36.0,0,737,737,4095,0
2026-03-10 00:15:00,27.6,35.0,0,740,740,4095,0
2026-03-10 00:45:00,27.2,35.0,0,795,795,4095,0
2026-03-10 01:15:00,26.3,36.0,0,723,723,4095,0
2026-03-10 01:45:00,25.1,37.0,0,691,691,4095,0
2026-03-10 02:15:00,23.8,40.0,0,754,754,4095,0
2026-03-10 02:45:00,22.9,42.0,0,684,684,4095,0
2026-03-10 03:15:00,22.2,44.0,0,737,737,4095,0
2026-03-10 03:45:00,21.7,46.0,0,695,695,4095,0
2026-03-10 04:15:00,21.4,47.0,0,700,700,4095,0
2026-03-10 04:45:00,21.1,48.0,0,733,733,4095,0
2026-03-10 05:15:00,20.9,49.0,0,718,718,4095,0
2026-03-10 05:45:00,20.6,49.0,0,685,685,4095,0
2026-03-10 06:15:00,20.4,49.0,0,685,685,4095,0
2026-03-10 06:45:00,20.1,49.0,0,713,713,4039,0
2026-03-10 07:15:00,20.1,50.0,0,690,690,3164,0
2026-03-10 07:45:00,20.1,50.0,0,720,720,3003,0
2026-03-10 08:15:00,21.4,48.0,0,732,732,2648,0
2026-03-10 08:45:00,23.0,45.0,0,722,722,2555,0
2026-03-10 09:15:00,24.7,42.0,0,742,742,2125,0
2026-03-10 09:45:00,25.8,39.0,0,769,769,2423,0
2026-03-10 10:15:00,25.8,38.0,0,756,756,2391,0
2026-03-10 10:45:00,26.2,37.0,0,780,780,2473,0
2026-03-10 11:41:00,28.3,34.0,0,841,841,2333,0
2026-03-10 12:32:00,28.3,34.0,0,814,814,2172,0
2026-03-10 13:02:00,28.3,34.0,0,809,809,2365,0
2026-03-10 13:32:00,27.8,35.0,0,860,860,2567,0
2026-03-10 14:02:00,26.8,35.0,0,840,840,2469,0
2026-03-10 14:32:00,25.5,36.0,0,808,808,2325,0
2026-03-10 15:02:00,24.1,37.0,0,398,398,2569,1
2026-03-10 15:32:00,23.0,37.0,0,390,390,2859,0
2026-03-10 16:02:00,22.3,37.0,0,432,432,2736,0
2026-03-10 16:32:00,21.7,38.0,0,396,396,2875,0
2026-03-10 17:02:00,21.3,38.0,0,476,476,3131,0
2026-03-10 17:32:00,20.9,38.0,0,437,437,3263,0
2026-03-10 18:02:00,20.6,39.0,0,462,462,3495,0
2026-03-10 18:32:00,20.4,39.0,0,441,441,3543,0
2026-03-10 19:02:00,20.1,40.0,0,453,453,3555,0
2026-03-10 19:32:00,19.9,40.0,0,445,445,3572,0
2026-03-10 20:02:00,19.7,41.0,0,450,450,3571,0
2026-03-10 20:32:00,19.5,41.0,0,475,475,1755,0
2026-03-10 21:02:00,19.3,42.0,0,487,487,1779,0
2026-03-10 21:32:00,19.3,43.0,0,489,489,1775,0
2026-03-10 22:02:00,19.3,44.0,0,522,522,1803,0
2026-03-10 22:32:00,19.3,45.0,0,455,455,1789,0
2026-03-10 23:02:00,19.4,47.0,0,479,479,1892,0
2026-03-11 00:02:00,19.5,48.0,0,464,464,1949,0
2026-03-11 00:32:00,19.5,49.0,0,500,500,1939,0
2026-03-11 01:02:00,19.4,50.0,0,464,464,1827,0
2026-03-11 01:32:00,19.4,50.0,0,505,505,4095,0
2026-03-11 02:02:00,19.3,51.0,0,488,488,4095,0
2026-03-11 02:32:00,19.3,51.0,0,483,483,4095,0
2026-03-11 03:02:00,19.2,51.0,0,485,485,4095,0
2026-03-11 03:32:00,19.2,52.0,0,466,466,4095,0
2026-03-11 04:02:00,19.1,52.0,0,467,467,4095,0
2026-03-11 04:32:00,19.0,53.0,0,490,490,4095,0
2026-03-11 05:02:00,19.0,53.0,0,491,491,4095,0
2026-03-11 05:32:00,18.9,54.0,0,476,476,4095,0
2026-03-11 06:02:00,18.9,54.0,0,484,484,3965,0
2026-03-11 06:32:00,18.9,54.0,7,501,501,3405,0
2026-03-11 07:02:00,18.8,54.0,0,479,479,3079,0
2026-03-11 07:32:00,18.8,54.0,0,463,463,2724,0
2026-03-11 08:02:00,18.7,53.0,0,525,525,2877,0
2026-03-11 08:32:00,18.6,53.0,0,506,506,2651,0
2026-03-11 09:02:00,18.4,52.0,0,495,495,2447,0
2026-03-11 09:32:00,18.2,52.0,0,496,496,2285,0
2026-03-11 10:02:00,18.1,52.0,0,503,503,2063,0
2026-03-11 10:32:00,18.1,51.0,0,545,545,2312,0
2026-03-11 11:02:00,18.1,51.0,0,515,515,1941,0
2026-03-11 11:32:00,18.1,50.0,0,558,558,2054,0
2026-03-11 12:02:00,18.3,50.0,0,567,567,2303,0
2026-03-11 12:32:00,18.3,49.0,0,582,582,2101,0
2026-03-11 13:02:00,18.4,48.0,0,571,571,2489,0
2026-03-11 13:32:00,18.4,48.0,0,612,612,2165,0
2026-03-11 14:02:00,18.4,47.0,0,609,609,2637,0
2026-03-11 14:32:00,18.3,47.0,0,594,594,2619,0
2026-03-11 15:02:00,18.3,47.0,0,596,596,2462,0
2026-03-11 15:32:00,18.3,46.0,0,613,613,2769,0
2026-03-11 16:02:00,18.2,46.0,0,613,613,3031,0
2026-03-11 16:32:00,18.2,46.0,0,610,610,3143,0
2026-03-11 17:02:00,18.1,45.0,0,631,631,3171,0
2026-03-11 17:32:00,18.1,45.0,0,630,630,3547,0
2026-03-11 18:02:00,18.1,45.0,0,667,667,3939,0
2026-03-11 18:32:00,18.1,46.0,0,631,631,4045,0
2026-03-11 19:02:00,18.1,46.0,0,627,627,4047,0
2026-03-11 19:32:00,18.1,46.0,0,641,641,4043,0
2026-03-11 20:02:00,18.1,46.0,0,646,646,4047,0
2026-03-11 20:32:00,18.1,46.0,0,647,647,4045,0
2026-03-11 21:02:00,18.1,46.0,0,648,648,4040,0
2026-03-11 21:32:00,18.0,46.0,0,643,643,4041,0
2026-03-11 22:02:00,18.0,46.0,0,642,642,3963,0
2026-03-11 22:32:00,18.0,46.0,0,654,654,4043,0
2026-03-11 23:02:00,17.9,47.0,0,626,626,4027,0
2026-03-11 23:32:00,17.8,47.0,0,631,631,4043,0
2026-03-12 00:02:00,17.6,47.0,0,616,616,4041,0
2026-03-12 00:32:00,17.4,47.0,0,626,626,4047,0
2026-03-12 01:02:00,17.3,47.0,0,662,662,4031,0
2026-03-12 01:32:00,17.2,47.0,0,654,654,4039,0
2026-03-12 02:02:00,17.1,47.0,0,677,677,4031,0
2026-03-12 02:32:00,17.0,47.0,0,673,673,4043,0
2026-03-12 03:02:00,16.9,47.0,0,656,656,4039,0
2026-03-12 03:32:00,16.9,47.0,0,649,649,4043,0
2026-03-12 04:02:00,16.8,47.0,0,647,647,4039,0
2026-03-12 04:32:00,16.8,47.0,0,611,611,4040,0
2026-03-12 05:02:00,16.7,47.0,0,646,646,4040,0
2026-03-12 05:32:00,16.7,48.0,0,638,638,4037,0
2026-03-12 06:02:00,16.7,48.0,0,634,634,4027,0
2026-03-12 06:32:00,16.6,48.0,0,658,658,3699,0
2026-03-12 07:02:00,16.6,48.0,0,648,648,2985,0
2026-03-12 07:32:00,16.6,48.0,0,654,654,3291,0
2026-03-12 08:02:00,18.4,46.0,0,647,647,2295,0
2026-03-12 08:32:00,20.6,43.0,0,697,697,2587,0
2026-03-12 09:02:00,23.0,40.0,0,693,693,2797,0
2026-03-12 09:32:00,25.0,36.0,0,726,726,2463,0
2026-03-12 10:02:00,25.7,34.0,0,730,730,1815,0
2026-03-12 10:32:00,26.2,33.0,0,708,708,2649,0
2026-03-12 11:02:00,25.9,33.0,0,762,762,2453,0
2026-03-12 11:32:00,25.5,34.0,0,760,760,2477,0
2026-03-12 12:02:00,24.6,35.0,0,737,737,2217,0
2026-03-12 12:32:00,23.9,35.0,0,750,750,2569,0
2026-03-12 13:02:00,22.6,37.0,0,788,788,2299,0
2026-03-12 13:32:00,21.7,38.0,0,749,749,2747,0
2026-03-12 14:02:00,21.1,39.0,0,772,772,2421,0
2026-03-12 14:32:00,20.6,40.0,0,821,821,2440,0
2026-03-12 15:02:00,20.2,42.0,0,799,799,2958,0
2026-03-12 15:32:00,19.9,43.0,0,358,358,2739,1
2026-03-12 16:02:00,19.6,44.0,0,384,384,2957,0
2026-03-12 16:32:00,19.4,45.0,0,408,408,3081,0
2026-03-12 17:02:00,19.3,45.0,0,409,409,3212,0
2026-03-12 17:32:00,19.1,46.0,0,373,373,3643,0
2026-03-12 18:02:00,19.0,46.0,0,398,398,4009,0
2026-03-12 18:32:00,18.9,47.0,0,387,387,4039,0
2026-03-12 19:02:00,18.8,47.0,0,373,373,4029,0
2026-03-12 19:32:00,18.8,47.0,0,389,389,4031,0
2026-03-12 20:02:00,18.7,47.0,0,426,426,4037,0
2026-03-12 20:32:00,18.6,47.0,0,424,424,2981,0
2026-03-12 21:02:00,18.6,48.0,0,410,410,3025,0
2026-03-12 21:32:00,18.6,49.0,0,378,378,3016,0
2026-03-12 22:02:00,18.6,50.0,0,410,410,3001,0
2026-03-12 22:32:00,18.7,52.0,0,403,403,3028,0
2026-03-12 23:02:00,18.8,54.0,0,405,405,3001,0
2026-03-12 23:32:00,18.9,55.0,0,429,429,3002,0
2026-03-13 00:02:00,19.0,56.0,0,452,452,3003,0
2026-03-13 00:32:00,19.1,57.0,0,445,445,3017,0
2026-03-13 01:02:00,19.1,57.0,0,420,420,4031,0
2026-03-13 01:32:00,19.2,58.0,0,446,446,4041,0
2026-03-13 02:02:00,19.3,58.0,0,410,410,4041,0
2026-03-13 02:32:00,19.3,58.0,0,409,409,4039,0
2026-03-13 03:02:00,19.3,58.0,0,407,407,4039,0
2026-03-13 03:32:00,19.3,59.0,0,445,445,4031,0
2026-03-13 04:02:00,19.3,59.0,0,454,454,4029,0
2026-03-13 04:32:00,19.3,59.0,0,454,454,4029,0
2026-03-13 05:02:00,19.3,59.0,0,424,424,4029,0
2026-03-13 05:32:00,19.2,58.0,0,403,403,4027,0
2026-03-13 06:02:00,19.2,57.0,0,425,425,4031,0
2026-03-13 06:32:00,19.1,57.0,0,424,424,3879,0
2026-03-13 07:02:00,19.0,56.0,0,444,444,3499,0
2026-03-13 07:32:00,19.0,56.0,0,446,446,2873,0
2026-03-13 08:02:00,18.9,56.0,0,443,443,2578,0
2026-03-13 08:32:00,18.9,55.0,0,459,459,2249,0
2026-03-13 09:02:00,18.8,55.0,0,501,501,2263,0
2026-03-13 09:32:00,18.7,55.0,0,458,458,2235,0
2026-03-13 10:02:00,18.6,54.0,0,472,472,2215,0
2026-03-13 10:32:00,18.6,54.0,0,474,474,2109,0
2026-03-13 11:02:00,18.5,54.0,0,477,477,1929,0
2026-03-13 11:32:00,18.5,54.0,0,512,512,1955,0
2026-03-13 12:02:00,18.5,54.0,0,511,511,1797,0
2026-03-13 12:32:00,18.5,54.0,0,516,516,1939,0
2026-03-13 13:02:00,18.5,53.0,0,532,532,1843,0
2026-03-13 13:32:00,18.5,52.0,0,570,570,2152,0
2026-03-13 14:02:00,18.5,51.0,0,576,576,2059,0
2026-03-13 14:32:00,18.5,51.0,0,566,566,2131,0
2026-03-13 15:02:00,18.5,50.0,0,588,588,2285,0
2026-03-13 15:32:00,18.4,50.0,1,587,587,2412,0
2026-03-13 16:02:00,18.4,49.0,1,598,598,2607,0
2026-03-13 16:32:00,18.3,49.0,0,587,587,2779,0
2026-03-13 17:02:00,18.2,49.0,0,583,583,2890,0
2026-03-13 17:32:00,18.1,48.0,0,600,600,3454,0
2026-03-13 18:02:00,18.1,48.0,0,592,592,3773,0
2026-03-13 18:32:00,18.0,48.0,0,592,592,3883,0
2026-03-13 19:02:00,17.9,48.0,0,585,585,3893,0
2026-03-13 19:32:00,17.8,48.0,0,571,571,1798,0
2026-03-13 20:02:00,17.8,48.0,0,604,604,1879,0
2026-03-13 20:32:00,17.7,48.0,0,635,635,1914,0
2026-03-13 21:02:00,17.7,48.0,0,631,631,3609,0
2026-03-13 21:32:00,17.8,49.0,0,647,647,3615,0
2026-03-13 22:02:00,17.9,50.0,0,602,602,3622,0
2026-03-13 22:32:00,17.9,50.0,0,632,632,3625,0
2026-03-13 23:02:00,17.9,51.0,0,619,619,3635,0
2026-03-13 23:32:00,18.0,51.0,0,609,609,3637,0
2026-03-14 00:02:00,17.9,52.0,0,641,641,3645,0
2026-03-14 00:32:00,17.9,52.0,0,621,621,3645,0
2026-03-14 01:02:00,17.9,52.0,0,593,593,3641,0
2026-03-14 01:32:00,17.9,52.0,0,639,639,3663,0
2026-03-14 02:02:00,17.9,52.0,0,631,631,3647,0
2026-03-14 02:32:00,17.9,52.0,0,627,627,3653,0
2026-03-14 03:02:00,17.9,52.0,0,605,605,3659,0
2026-03-14 03:32:00,17.8,52.0,0,630,630,3656,0
2026-03-14 04:02:00,17.8,52.0,0,654,654,3659,0
2026-03-14 04:32:00,17.7,52.0,1,633,633,3653,0
2026-03-14 05:02:00,17.6,52.0,0,572,572,3670,0
2026-03-14 05:32:00,17.6,52.0,0,636,636,3676,0
2026-03-14 06:02:00,17.5,52.0,0,634,634,3671,0
2026-03-14 06:32:00,17.5,52.0,0,645,645,3397,0
2026-03-14 07:02:00,17.4,52.0,0,637,637,3021,0
2026-03-14 07:32:00,17.3,52.0,0,615,615,2808,0
2026-03-14 08:02:00,17.3,52.0,0,636,636,2577,0
2026-03-14 08:32:00,17.3,52.0,0,634,634,2357,0
2026-03-14 09:02:00,17.2,52.0,0,645,645,2568,0
2026-03-14 09:32:00,17.2,52.0,0,665,665,2173,0
2026-03-14 10:02:00,17.2,52.0,0,640,640,2102,0
2026-03-14 10:32:00,17.3,52.0,1,690,690,2479,0
2026-03-14 11:02:00,17.3,52.0,1,669,669,2187,0
2026-03-14 11:32:00,20.1,48.9,1,700,700,2469,0
2026-03-14 12:02:00,20.4,48.9,1,712,712,1845,0
2026-03-14 12:32:00,20.9,48.3,9,724,724,1625,0
2026-03-14 13:02:00,20.3,59.0,7,730,730,2124,0
2026-03-14 13:32:00,20.3,59.0,9,672,672,2515,0
2026-03-14 14:02:00,20.1,60.0,9,743,743,2679,0
2026-03-14 14:32:00,20.1,60.0,9,721,721,2664,0
2026-03-14 15:02:00,20.2,60.0,9,740,740,2214,0
2026-03-14 15:32:00,20.1,60.0,8,752,752,3101,0
2026-03-14 16:02:00,21.0,42.9,8,776,776,2905,0
2026-03-14 16:32:00,20.7,46.5,9,744,744,3063,0
2026-03-14 17:02:00,20.6,46.5,10,756,756,2969,0
2026-03-14 17:32:00,19.7,54.9,10,756,756,3388,0
2026-03-14 18:02:00,19.5,54.9,10,766,766,3703,0
2026-03-14 18:32:00,19.3,56.7,11,758,758,3827,0
2026-03-14 19:02:00,19.1,56.7,10,771,771,3831,0
2026-03-14 19:32:00,18.6,57.9,11,730,730,3819,0
2026-03-14 20:02:00,18.4,57.9,11,757,757,3799,0
2026-03-14 20:32:00,17.9,59.7,9,785,785,3797,0
2026-03-14 21:02:00,17.7,59.7,9,752,752,3783,0
2026-03-14 21:32:00,17.1,62.7,9,761,761,3719,0
2026-03-14 22:02:00,16.9,62.7,10,769,769,3639,0
2026-03-14 22:32:00,16.6,62.1,13,760,760,2015,0
2026-03-14 23:02:00,16.4,62.1,19,788,788,3932,0
2026-03-14 23:32:00,15.8,60.9,19,751,751,3859,0
2026-03-15 00:02:00,15.6,60.9,21,760,760,3607,0
2026-03-15 00:32:00,15.2,63.3,20,751,751,3623,0
2026-03-15 01:02:00,15.1,63.3,19,771,771,3629,0
2026-03-15 01:32:00,14.7,65.7,19,738,738,3615,0
2026-03-15 02:02:00,14.6,65.7,20,782,782,3639,0
2026-03-15 02:32:00,14.2,66.9,19,732,732,3678,0
2026-03-15 03:03:00,14.1,66.9,20,774,774,3742,0
2026-03-15 03:33:00,14.0,68.7,19,725,725,3737,0
2026-03-15 04:03:00,13.9,68.7,19,754,754,3756,0
2026-03-15 04:33:00,15.9,43.0,20,754,754,3755,0
2026-03-15 05:03:00,15.9,43.0,18,771,771,3751,0
2026-03-15 05:33:00,15.9,43.0,19,763,763,3743,0
2026-03-15 06:03:00,15.8,43.0,19,770,770,3727,0
2026-03-15 06:33:00,15.7,44.0,19,740,740,3399,0
2026-03-15 07:03:00,15.6,44.0,21,263,263,3014,1
2026-03-15 09:03:00,17.6,63.9,19,303,303,1811,0
2026-03-15 09:33:00,19.0,61.5,18,258,258,1947,0
2026-03-15 10:03:00,19.4,61.5,19,320,320,2069,0
2026-03-15 10:33:00,20.4,54.9,21,377,377,1801,0
2026-03-15 11:03:00,20.8,54.9,30,385,385,1977,0
2026-03-15 11:33:00,21.5,51.3,36,393,393,1864,0
2026-03-15 12:03:00,21.9,51.3,33,407,407,2491,0
2026-03-15 12:33:00,23.0,37.0,31,431,431,2174,0
2026-03-15 13:03:00,23.9,35.0,31,439,439,1998,0
2026-03-15 13:33:00,23.9,35.0,30,487,487,1978,0
2026-03-15 14:03:00,24.0,35.0,29,547,547,2432,0
2026-03-15 14:33:00,24.0,35.0,31,530,530,2658,0
2026-03-15 15:03:00,23.9,36.0,31,498,498,2779,0
2026-03-15 15:33:00,24.0,36.0,31,519,519,2997,0
2026-03-15 16:03:00,24.1,36.0,31,523,523,2835,0
2026-03-15 16:33:00,24.1,36.0,30,560,560,2824,0
2026-03-15 17:03:00,24.1,36.0,31,565,565,3299,0
2026-03-15 17:33:00,24.3,36.0,31,544,544,3647,0
2026-03-15 18:03:00,24.4,36.0,31,561,561,3688,0
2026-03-15 18:33:00,24.4,36.0,30,576,576,3759,0
2026-03-15 19:03:00,24.5,36.0,30,572,572,3753,0
2026-03-15 19:33:00,24.5,36.0,29,576,576,3742,0
2026-03-15 20:03:00,24.5,37.0,31,554,554,3751,0
2026-03-15 20:33:00,24.6,37.0,31,602,602,3764,0
2026-03-15 21:03:00,24.6,37.0,31,563,563,3751,0
2026-03-15 21:33:00,24.7,37.0,30,565,565,3769,0
2026-03-15 22:03:00,24.7,37.0,31,554,554,3768,0
2026-03-15 22:33:00,24.8,37.0,31,576,576,3773,0
2026-03-15 23:03:00,24.8,37.0,31,602,602,3823,0
2026-03-15 23:33:00,24.9,37.0,31,589,589,3817,0
2026-03-16 00:03:00,24.8,37.0,31,584,584,2879,0
2026-03-16 00:33:00,24.7,37.0,33,599,599,3784,0
2026-03-16 01:03:00,24.2,37.0,29,605,605,3775,0
2026-03-16 01:33:00,23.5,37.0,31,598,598,3767,0
2026-03-16 02:03:00,22.6,38.0,29,548,548,3764,0
2026-03-16 02:33:00,21.6,38.0,29,589,589,3753,0
2026-03-16 03:03:00,21.0,38.0,29,582,582,3757,0
2026-03-16 03:33:00,20.4,39.0,29,558,558,3771,0
2026-03-16 04:03:00,20.0,40.0,29,579,579,3775,0
2026-03-16 04:33:00,19.7,40.0,29,591,591,3784,0
2026-03-16 05:03:00,19.4,41.0,29,560,560,3788,0
2026-03-16 05:33:00,19.2,41.0,27,586,586,3791,0
2026-03-16 06:03:00,19.0,41.0,29,515,515,3766,0
2026-03-16 06:33:00,18.8,41.0,29,523,523,3427,0
2026-03-16 07:03:00,18.7,42.0,29,572,572,3295,0
2026-03-16 07:33:00,18.7,42.0,29,579,579,2709,0
2026-03-16 08:03:00,19.6,41.0,31,578,578,2357,0
2026-03-16 08:33:00,20.7,39.0,29,601,601,2195,0
2026-03-16 09:03:00,21.7,38.0,29,609,609,2012,0
2026-03-16 09:33:00,22.6,36.0,29,670,670,1877,0
2026-03-16 10:03:00,22.6,36.0,29,637,637,2041,0
2026-03-16 10:33:00,22.4,36.0,29,644,644,1989,0
2026-03-16 11:03:00,21.9,36.0,29,686,686,1865,0
2026-03-16 11:33:00,21.3,37.0,29,679,679,1903,0
2026-03-16 12:03:00,20.7,38.0,29,696,696,2077,0
2026-03-16 12:33:00,20.2,39.0,31,701,701,2133,0
2026-03-16 13:03:00,19.8,40.0,35,724,724,2227,0
2026-03-16 13:33:00,19.5,41.0,34,705,705,2055,0
2026-03-16 14:33:00,19.1,42.0,31,743,743,2361,0
2026-03-16 15:03:00,18.9,42.0,31,742,742,2397,0
2026-03-16 15:33:00,18.7,42.0,31,770,770,2727,0
2026-03-16 16:03:00,18.7,41.0,36,746,746,3021,0
2026-03-16 16:33:00,19.0,41.0,36,732,732,3033,0
2026-03-16 17:03:00,20.0,40.0,33,762,762,3187,0
2026-03-16 17:33:00,21.0,39.0,33,774,774,3383,0
2026-03-16 18:03:00,21.8,38.0,31,798,798,3567,0
2026-03-16 18:33:00,21.9,37.0,37,761,761,3759,0
2026-03-16 19:03:00,21.9,37.0,31,753,753,3771,0
2026-03-16 19:33:00,21.2,37.0,33,780,780,3765,0
2026-03-16 20:03:00,20.8,38.0,31,808,808,3831,0
2026-03-16 20:33:00,20.8,38.0,35,788,788,3839,0
2026-03-16 21:03:00,20.8,38.0,31,793,793,1851,0
2026-03-16 21:33:00,20.9,39.0,35,760,760,1947,0
2026-03-16 22:03:00,21.0,39.0,35,333,333,1832,1
2026-03-16 22:33:00,21.0,40.0,31,328,328,2959,0
2026-03-16 23:03:00,20.8,41.0,33,349,349,2958,0
2026-03-16 23:33:00,20.4,44.0,31,325,325,2975,0
2026-03-17 00:03:00,20.1,46.0,33,387,387,2957,0
2026-03-17 00:33:00,19.9,48.0,31,323,323,2961,0
2026-03-17 01:03:00,19.8,49.0,31,370,370,2979,0
2026-03-17 01:33:00,19.7,50.0,31,378,378,3867,0
2026-03-17 02:03:00,19.6,51.0,31,365,365,3857,0
2026-03-17 02:33:00,19.6,51.0,31,368,368,3859,0
2026-03-17 03:03:00,19.5,51.0,35,353,353,3853,0
2026-03-17 03:33:00,19.5,51.0,31,370,370,3855,0
2026-03-17 04:03:00,19.3,52.0,31,362,362,3861,0
2026-03-17 04:33:00,19.2,52.0,30,355,355,3862,0
2026-03-17 05:03:00,19.1,52.0,29,399,399,3861,0
2026-03-17 05:33:00,19.0,53.0,31,354,354,3855,0
2026-03-17 06:03:00,19.0,53.0,31,367,367,3851,0
2026-03-17 06:33:00,18.9,53.0,31,366,366,3767,0
2026-03-17 07:03:00,18.9,53.0,31,370,370,3575,0
2026-03-17 07:33:00,18.8,53.0,31,402,402,3432,0
2026-03-17 08:03:00,18.8,53.0,31,382,382,2984,0
2026-03-17 08:33:00,18.7,53.0,31,367,367,2983,0
2026-03-17 09:03:00,18.7,53.0,31,407,407,2823,0
2026-03-17 09:33:00,18.6,53.0,31,400,400,2629,0
2026-03-17 10:03:00,18.6,53.0,31,385,385,2403,0
2026-03-17 10:33:00,18.6,53.0,31,424,424,2133,0
2026-03-17 11:03:00,18.6,53.0,31,392,392,1833,0
2026-03-17 11:33:00,18.6,53.0,31,405,405,2277,0
2026-03-17 12:03:00,18.6,53.0,33,404,404,2261,0
2026-03-17 12:33:00,18.6,53.0,31,407,407,2531,0
2026-03-17 13:03:00,24.3,59.1,34,507,507,2623,0
2026-03-17 13:33:00,24.5,58.5,31,501,501,2586,0
2026-03-17 14:03:00,24.6,58.5,34,481,481,2717,0
2026-03-17 14:33:00,24.6,57.3,31,519,519,2763,0
2026-03-17 15:03:00,24.5,57.3,31,545,545,2861,0
2026-03-17 15:33:00,24.3,57.3,31,524,524,2954,0
2026-03-17 16:03:00,24.2,57.3,31,538,538,3019,0
2026-03-17 16:33:00,24.0,59.1,31,586,586,3090,0
2026-03-17 17:03:00,23.8,59.1,31,551,551,3213,0
2026-03-17 17:33:00,23.4,59.7,33,530,530,3367,0
2026-03-17 18:03:00,23.2,59.7,33,550,550,3646,0
2026-03-17 18:33:00,22.8,62.7,31,530,530,3853,0
2026-03-17 19:03:00,22.7,62.7,31,571,571,3852,0
2026-03-17 19:33:00,22.4,63.9,33,543,543,3851,0
2026-03-17 20:03:00,22.3,63.9,31,543,543,3847,0
2026-03-17 20:33:00,22.1,64.5,31,653,653,3846,0
2026-03-17 21:03:00,22.1,64.5,31,538,538,3838,0
2026-03-17 21:33:00,22.0,64.5,33,536,536,3837,0
2026-03-17 22:03:00,22.0,64.5,31,541,541,3833,0
2026-03-17 22:33:00,21.9,64.5,31,577,577,3831,0
2026-03-17 23:03:00,21.9,64.5,35,572,572,1957,0
